contract_id,client_id,service_line,start_date,end_date,monthly_value_eur,status
CON00001,C0001,Accounting,2021-08-02,2023-08-15,10050.0,Cancelled
CON00002,C0001,Payroll,2021-08-02,2023-08-15,9300.0,Cancelled
CON00003,C0001,HR Services,2021-08-02,2023-08-15,9870.0,Cancelled
CON00004,C0002,Accounting,2018-10-13,,580.0,Active
CON00005,C0002,Tax & Legal,2018-10-13,,310.0,Active
CON00006,C0003,Accounting,2021-04-24,,3310.0,Active
CON00007,C0003,Payroll,2021-04-24,,4570.0,Active
CON00008,C0003,Tax & Legal,2021-04-24,,4780.0,Active
CON00009,C0004,Accounting,2019-03-24,,460.0,Active
CON00010,C0004,Payroll,2019-03-24,,300.0,Active
CON00011,C0005,Accounting,2021-02-23,2024-05-09,210.0,Cancelled
CON00012,C0005,Payroll,2021-02-23,2024-05-09,310.0,Cancelled
CON00013,C0006,Accounting,2021-04-21,,370.0,Active
CON00014,C0006,Payroll,2021-04-21,,270.0,Active
CON00015,C0006,Tax & Legal,2021-04-21,,390.0,Active
CON00016,C0007,Accounting,2022-04-04,,520.0,Active
CON00017,C0007,Payroll,2022-04-04,,220.0,Active
CON00018,C0007,HR Services,2022-04-04,,220.0,Active
CON00019,C0008,Accounting,2019-11-28,,280.0,Active
CON00020,C0008,Payroll,2019-11-28,,230.0,Active
CON00021,C0009,Accounting,2018-07-29,2022-07-18,8840.0,Cancelled
CON00022,C0009,Payroll,2018-07-29,2022-07-18,3730.0,Cancelled
CON00023,C0009,Tax & Legal,2018-07-29,2022-07-18,2970.0,Cancelled
CON00024,C0010,Accounting,2021-05-21,,1070.0,Active
CON00025,C0010,Payroll,2021-05-21,,810.0,Active
CON00026,C0011,Accounting,2021-01-03,2024-02-15,550.0,Cancelled
CON00027,C0011,Payroll,2021-01-03,2024-02-15,230.0,Cancelled
CON00028,C0011,Tax & Legal,2021-01-03,2024-02-15,340.0,Cancelled
CON00029,C0012,Accounting,2022-08-26,,18780.0,Active
CON00030,C0012,Payroll,2022-08-26,,11630.0,Active
CON00031,C0012,HR Services,2022-08-26,,17340.0,Active
CON00032,C0013,Payroll,2021-03-28,2022-05-23,240.0,Cancelled
CON00033,C0013,HR Services,2021-03-28,2022-05-23,350.0,Cancelled
CON00034,C0014,Accounting,2022-05-03,,390.0,Active
CON00035,C0014,Payroll,2022-05-03,,360.0,Active
CON00036,C0015,Accounting,2022-11-10,2024-02-17,7470.0,Cancelled
CON00037,C0015,Payroll,2022-11-10,2024-02-17,3880.0,Cancelled
CON00038,C0015,Tax & Legal,2022-11-10,2024-02-17,3300.0,Cancelled
CON00039,C0016,Accounting,2022-09-05,,400.0,Active
CON00040,C0016,Payroll,2022-09-05,,220.0,Active
CON00041,C0017,Accounting,2019-03-06,,590.0,Active
CON00042,C0017,Payroll,2019-03-06,,350.0,Active
CON00043,C0018,Accounting,2021-06-01,,3790.0,Active
CON00044,C0018,Payroll,2021-06-01,,4400.0,Active
CON00045,C0018,HR Services,2021-06-01,,2120.0,Active
CON00046,C0018,Tax & Legal,2021-06-01,,3000.0,Active
CON00047,C0019,Accounting,2018-12-01,,6440.0,Active
CON00048,C0019,Payroll,2018-12-01,,3510.0,Active
CON00049,C0019,Tax & Legal,2018-12-01,,4960.0,Active
CON00050,C0020,Accounting,2021-11-03,,320.0,Active
CON00051,C0020,Payroll,2021-11-03,,360.0,Active
CON00052,C0021,Accounting,2019-04-15,,530.0,Active
CON00053,C0021,Payroll,2019-04-15,,320.0,Active
CON00054,C0022,Accounting,2020-04-01,,490.0,Active
CON00055,C0022,Payroll,2020-04-01,,160.0,Active
CON00056,C0023,Accounting,2022-11-30,,7550.0,Active
CON00057,C0023,Payroll,2022-11-30,,5550.0,Active
CON00058,C0023,Tax & Legal,2022-11-30,,3590.0,Active
CON00059,C0024,Accounting,2020-10-19,,7970.0,Active
CON00060,C0024,Payroll,2020-10-19,,5340.0,Active
CON00061,C0024,HR Services,2020-10-19,,5770.0,Active
CON00062,C0024,Tax & Legal,2020-10-19,,1270.0,Active
CON00063,C0025,Accounting,2018-10-20,,3480.0,Active
CON00064,C0025,Payroll,2018-10-20,,3930.0,Active
CON00065,C0026,Accounting,2021-02-23,,7280.0,Active
CON00066,C0026,Payroll,2021-02-23,,2520.0,Active
CON00067,C0026,HR Services,2021-02-23,,2960.0,Active
CON00068,C0027,Accounting,2023-01-13,,330.0,Active
CON00069,C0027,Payroll,2023-01-13,,380.0,Active
CON00070,C0027,Tax & Legal,2023-01-13,,340.0,Active
CON00071,C0028,Accounting,2018-10-11,,460.0,Active
CON00072,C0028,Payroll,2018-10-11,,300.0,Active
CON00073,C0028,HR Services,2018-10-11,,270.0,Active
CON00074,C0029,Accounting,2022-10-30,2023-10-08,590.0,Cancelled
CON00075,C0029,Payroll,2022-10-30,2023-10-08,220.0,Cancelled
CON00076,C0029,HR Services,2022-10-30,2023-10-08,410.0,Cancelled
CON00077,C0029,Tax & Legal,2022-10-30,2023-10-08,240.0,Cancelled
CON00078,C0030,HR Services,2021-05-06,2024-02-21,2050.0,Cancelled
CON00079,C0031,Accounting,2020-12-19,,2460.0,Active
CON00080,C0032,Accounting,2021-10-25,,4370.0,Active
CON00081,C0032,Payroll,2021-10-25,,3600.0,Active
CON00082,C0032,Tax & Legal,2021-10-25,,3020.0,Active
CON00083,C0033,Accounting,2022-04-24,,1620.0,Active
CON00084,C0033,Tax & Legal,2022-04-24,,1080.0,Active
CON00085,C0034,Accounting,2020-06-09,2022-01-07,300.0,Cancelled
CON00086,C0034,Payroll,2020-06-09,2022-01-07,280.0,Cancelled
CON00087,C0034,Tax & Legal,2020-06-09,2022-01-07,250.0,Cancelled
CON00088,C0035,Accounting,2019-06-24,,790.0,Active
CON00089,C0035,Payroll,2019-06-24,,410.0,Active
CON00090,C0036,Accounting,2020-11-05,,2380.0,Active
CON00091,C0036,Tax & Legal,2020-11-05,,1460.0,Active
CON00092,C0037,Accounting,2022-09-20,,460.0,Active
CON00093,C0037,HR Services,2022-09-20,,370.0,Active
CON00094,C0038,Accounting,2018-11-10,,8590.0,Active
CON00095,C0038,HR Services,2018-11-10,,5470.0,Active
CON00096,C0038,Tax & Legal,2018-11-10,,4690.0,Active
CON00097,C0039,Payroll,2023-05-07,,4380.0,Active
CON00098,C0040,HR Services,2021-05-11,,4060.0,Active
CON00099,C0040,Tax & Legal,2021-05-11,,4940.0,Active
CON00100,C0041,Accounting,2023-03-18,,8930.0,Active
CON00101,C0041,Payroll,2023-03-18,,4370.0,Active
CON00102,C0042,Accounting,2019-05-06,2022-06-11,280.0,Cancelled
CON00103,C0042,Payroll,2019-05-06,2022-06-11,190.0,Cancelled
CON00104,C0042,Tax & Legal,2019-05-06,2022-06-11,200.0,Cancelled
CON00105,C0043,Accounting,2020-09-22,,7640.0,Active
CON00106,C0043,Payroll,2020-09-22,,5740.0,Active
CON00107,C0043,HR Services,2020-09-22,,5350.0,Active
CON00108,C0044,Accounting,2018-09-20,,1580.0,Active
CON00109,C0044,Payroll,2018-09-20,,1340.0,Active
CON00110,C0044,HR Services,2018-09-20,,680.0,Active
CON00111,C0044,Tax & Legal,2018-09-20,,670.0,Active
CON00112,C0045,Accounting,2019-06-27,,290.0,Active
CON00113,C0045,Payroll,2019-06-27,,390.0,Active
CON00114,C0045,HR Services,2019-06-27,,420.0,Active
CON00115,C0045,Tax & Legal,2019-06-27,,310.0,Active
CON00116,C0046,Accounting,2023-05-30,,720.0,Active
CON00117,C0046,Payroll,2023-05-30,,830.0,Active
CON00118,C0047,Accounting,2021-12-31,,22370.0,Active
CON00119,C0047,Payroll,2021-12-31,,8760.0,Active
CON00120,C0047,Tax & Legal,2021-12-31,,11150.0,Active
CON00121,C0048,Accounting,2020-06-16,,850.0,Active
CON00122,C0048,Payroll,2020-06-16,,1450.0,Active
CON00123,C0048,Tax & Legal,2020-06-16,,1000.0,Active
CON00124,C0049,Accounting,2019-05-23,,420.0,Active
CON00125,C0049,Payroll,2019-05-23,,200.0,Active
CON00126,C0049,HR Services,2019-05-23,,430.0,Active
CON00127,C0050,Accounting,2021-04-19,,380.0,Active
CON00128,C0050,Payroll,2021-04-19,,170.0,Active
CON00129,C0050,Tax & Legal,2021-04-19,,290.0,Active
CON00130,C0051,Accounting,2018-01-15,2022-05-01,430.0,Cancelled
CON00131,C0051,Payroll,2018-01-15,2022-05-01,230.0,Cancelled
CON00132,C0051,Tax & Legal,2018-01-15,2022-05-01,200.0,Cancelled
CON00133,C0052,Accounting,2023-01-29,,10730.0,Active
CON00134,C0052,Payroll,2023-01-29,,19130.0,Active
CON00135,C0053,Accounting,2020-11-18,,2880.0,Active
CON00136,C0053,Payroll,2020-11-18,,6000.0,Active
CON00137,C0053,Tax & Legal,2020-11-18,,4300.0,Active
CON00138,C0054,Accounting,2019-03-15,,430.0,Active
CON00139,C0054,Payroll,2019-03-15,,240.0,Active
CON00140,C0054,HR Services,2019-03-15,,500.0,Active
CON00141,C0055,Accounting,2019-05-13,,2370.0,Active
CON00142,C0055,Payroll,2019-05-13,,970.0,Active
CON00143,C0056,Payroll,2019-01-25,2024-06-01,260.0,Cancelled
CON00144,C0056,Tax & Legal,2019-01-25,2024-06-01,370.0,Cancelled
CON00145,C0057,Accounting,2020-04-21,,1310.0,Active
CON00146,C0057,Payroll,2020-04-21,,1330.0,Active
CON00147,C0058,Accounting,2021-10-11,,940.0,Active
CON00148,C0058,Payroll,2021-10-11,,1140.0,Active
CON00149,C0058,Tax & Legal,2021-10-11,,400.0,Active
CON00150,C0059,Accounting,2018-05-05,,320.0,Active
CON00151,C0059,Payroll,2018-05-05,,290.0,Active
CON00152,C0060,Accounting,2019-05-25,2024-07-07,4750.0,Cancelled
CON00153,C0060,Payroll,2019-05-25,2024-07-07,6670.0,Cancelled
CON00154,C0060,Tax & Legal,2019-05-25,2024-07-07,4280.0,Cancelled
CON00155,C0061,Accounting,2019-01-11,,510.0,Active
CON00156,C0061,HR Services,2019-01-11,,260.0,Active
CON00157,C0061,Tax & Legal,2019-01-11,,160.0,Active
CON00158,C0062,Accounting,2020-06-26,,480.0,Active
CON00159,C0062,Payroll,2020-06-26,,340.0,Active
CON00160,C0062,Tax & Legal,2020-06-26,,200.0,Active
CON00161,C0063,Accounting,2018-04-14,,710.0,Active
CON00162,C0063,Payroll,2018-04-14,,800.0,Active
CON00163,C0064,Accounting,2023-06-08,,440.0,Active
CON00164,C0064,Payroll,2023-06-08,,230.0,Active
CON00165,C0064,HR Services,2023-06-08,,240.0,Active
CON00166,C0065,Accounting,2018-12-07,,1170.0,Active
CON00167,C0065,Payroll,2018-12-07,,1730.0,Active
CON00168,C0066,Accounting,2022-11-06,,1410.0,Active
CON00169,C0066,Payroll,2022-11-06,,1760.0,Active
CON00170,C0067,Accounting,2020-02-16,2024-03-10,4570.0,Cancelled
CON00171,C0067,Payroll,2020-02-16,2024-03-10,2580.0,Cancelled
CON00172,C0068,Accounting,2019-08-08,,540.0,Active
CON00173,C0068,Payroll,2019-08-08,,330.0,Active
CON00174,C0069,Accounting,2021-09-17,,590.0,Active
CON00175,C0069,Payroll,2021-09-17,,180.0,Active
CON00176,C0069,HR Services,2021-09-17,,260.0,Active
CON00177,C0070,HR Services,2019-08-31,2022-04-30,420.0,Cancelled
CON00178,C0070,Tax & Legal,2019-08-31,2022-04-30,220.0,Cancelled
CON00179,C0071,Accounting,2022-03-12,,1750.0,Active
CON00180,C0071,HR Services,2022-03-12,,1490.0,Active
CON00181,C0072,Accounting,2020-09-03,,1510.0,Active
CON00182,C0073,Accounting,2018-11-19,2024-11-06,2380.0,Cancelled
CON00183,C0073,HR Services,2018-11-19,2024-11-06,1800.0,Cancelled
CON00184,C0074,Accounting,2018-05-21,,1750.0,Active
CON00185,C0074,Payroll,2018-05-21,,1680.0,Active
CON00186,C0075,Accounting,2020-04-06,2023-05-20,410.0,Cancelled
CON00187,C0075,Payroll,2020-04-06,2023-05-20,220.0,Cancelled
CON00188,C0076,Accounting,2018-03-23,,27650.0,Active
CON00189,C0076,Payroll,2018-03-23,,19600.0,Active
CON00190,C0076,Tax & Legal,2018-03-23,,9140.0,Active
CON00191,C0077,Accounting,2021-03-03,,1020.0,Active
CON00192,C0077,Payroll,2021-03-03,,770.0,Active
CON00193,C0078,Accounting,2021-10-03,,890.0,Active
CON00194,C0078,Payroll,2021-10-03,,930.0,Active
CON00195,C0079,Accounting,2020-03-21,2023-09-07,1900.0,Cancelled
CON00196,C0079,Payroll,2020-03-21,2023-09-07,1550.0,Cancelled
CON00197,C0080,Accounting,2023-03-18,,920.0,Active
CON00198,C0080,HR Services,2023-03-18,,1440.0,Active
CON00199,C0081,Accounting,2020-07-27,,19300.0,Active
CON00200,C0081,Payroll,2020-07-27,,7880.0,Active
CON00201,C0081,HR Services,2020-07-27,,16160.0,Active
CON00202,C0082,Accounting,2018-05-31,,510.0,Active
CON00203,C0082,Payroll,2018-05-31,,360.0,Active
CON00204,C0082,HR Services,2018-05-31,,410.0,Active
CON00205,C0082,Tax & Legal,2018-05-31,,280.0,Active
CON00206,C0083,Accounting,2018-09-29,,20740.0,Active
CON00207,C0083,Payroll,2018-09-29,,16250.0,Active
CON00208,C0084,Accounting,2020-01-27,,420.0,Active
CON00209,C0084,Payroll,2020-01-27,,280.0,Active
CON00210,C0084,HR Services,2020-01-27,,490.0,Active
CON00211,C0084,Tax & Legal,2020-01-27,,350.0,Active
CON00212,C0085,Accounting,2021-06-06,,520.0,Active
CON00213,C0085,HR Services,2021-06-06,,230.0,Active
CON00214,C0085,Tax & Legal,2021-06-06,,200.0,Active
CON00215,C0086,Accounting,2021-09-29,,7800.0,Active
CON00216,C0086,Payroll,2021-09-29,,3860.0,Active
CON00217,C0086,Tax & Legal,2021-09-29,,3350.0,Active
CON00218,C0087,Payroll,2023-04-07,,320.0,Active
CON00219,C0088,Accounting,2022-12-28,2023-12-02,500.0,Cancelled
CON00220,C0088,Payroll,2022-12-28,2023-12-02,240.0,Cancelled
CON00221,C0088,Tax & Legal,2022-12-28,2023-12-02,150.0,Cancelled
CON00222,C0089,Accounting,2021-05-23,2023-12-04,1550.0,Cancelled
CON00223,C0089,Payroll,2021-05-23,2023-12-04,1500.0,Cancelled
CON00224,C0090,Accounting,2020-11-01,,410.0,Active
CON00225,C0090,Payroll,2020-11-01,,200.0,Active
CON00226,C0091,Accounting,2018-07-09,,2800.0,Active
CON00227,C0091,Payroll,2018-07-09,,6610.0,Active
CON00228,C0092,Accounting,2018-04-01,2022-09-25,2360.0,Cancelled
CON00229,C0092,Payroll,2018-04-01,2022-09-25,1750.0,Cancelled
CON00230,C0093,Accounting,2018-11-27,,1360.0,Active
CON00231,C0093,Payroll,2018-11-27,,630.0,Active
CON00232,C0093,HR Services,2018-11-27,,1590.0,Active
CON00233,C0093,Tax & Legal,2018-11-27,,1390.0,Active
CON00234,C0094,Accounting,2021-02-22,2022-06-04,7410.0,Cancelled
CON00235,C0094,Payroll,2021-02-22,2022-06-04,6940.0,Cancelled
CON00236,C0095,Payroll,2021-01-22,2024-01-27,260.0,Cancelled
CON00237,C0095,Tax & Legal,2021-01-22,2024-01-27,340.0,Cancelled
CON00238,C0096,Payroll,2018-10-31,,1480.0,Active
CON00239,C0096,HR Services,2018-10-31,,860.0,Active
CON00240,C0097,Accounting,2020-01-17,,1280.0,Active
CON00241,C0098,Accounting,2023-01-15,,3060.0,Active
CON00242,C0098,Payroll,2023-01-15,,5950.0,Active
CON00243,C0098,Tax & Legal,2023-01-15,,1790.0,Active
CON00244,C0099,Accounting,2021-09-27,2024-06-01,1800.0,Cancelled
CON00245,C0099,Payroll,2021-09-27,2024-06-01,840.0,Cancelled
CON00246,C0099,HR Services,2021-09-27,2024-06-01,510.0,Cancelled
CON00247,C0099,Tax & Legal,2021-09-27,2024-06-01,800.0,Cancelled
CON00248,C0100,Accounting,2023-06-18,,850.0,Active
CON00249,C0100,Payroll,2023-06-18,,1030.0,Active
CON00250,C0100,Tax & Legal,2023-06-18,,430.0,Active
CON00251,C0101,Accounting,2022-11-06,2023-11-02,780.0,Cancelled
CON00252,C0101,Payroll,2022-11-06,2023-11-02,850.0,Cancelled
CON00253,C0101,Tax & Legal,2022-11-06,2023-11-02,830.0,Cancelled
CON00254,C0102,Accounting,2019-01-03,,2310.0,Active
CON00255,C0103,Accounting,2022-07-01,,350.0,Active
CON00256,C0103,Payroll,2022-07-01,,230.0,Active
CON00257,C0103,Tax & Legal,2022-07-01,,260.0,Active
CON00258,C0104,Accounting,2019-07-01,2022-08-10,1520.0,Cancelled
CON00259,C0104,Payroll,2019-07-01,2022-08-10,750.0,Cancelled
CON00260,C0104,HR Services,2019-07-01,2022-08-10,1310.0,Cancelled
CON00261,C0105,Accounting,2022-10-25,,11030.0,Active
CON00262,C0105,Payroll,2022-10-25,,21230.0,Active
CON00263,C0106,Accounting,2019-12-18,,1230.0,Active
CON00264,C0106,Payroll,2019-12-18,,1540.0,Active
CON00265,C0107,Accounting,2019-04-02,2023-01-31,330.0,Cancelled
CON00266,C0107,HR Services,2019-04-02,2023-01-31,290.0,Cancelled
CON00267,C0108,Payroll,2019-07-25,,1370.0,Active
CON00268,C0109,Accounting,2019-12-21,,1310.0,Active
CON00269,C0109,Tax & Legal,2019-12-21,,1020.0,Active
CON00270,C0110,Accounting,2023-04-08,,1640.0,Active
CON00271,C0110,Payroll,2023-04-08,,1170.0,Active
CON00272,C0111,Accounting,2021-04-04,,5350.0,Active
CON00273,C0111,Payroll,2021-04-04,,5400.0,Active
CON00274,C0112,Accounting,2018-08-11,,400.0,Active
CON00275,C0112,Payroll,2018-08-11,,210.0,Active
CON00276,C0113,Accounting,2022-05-30,,740.0,Active
CON00277,C0113,Tax & Legal,2022-05-30,,960.0,Active
CON00278,C0114,Payroll,2020-02-28,,1160.0,Active
CON00279,C0114,Tax & Legal,2020-02-28,,1390.0,Active
CON00280,C0115,Accounting,2018-04-01,,1810.0,Active
CON00281,C0115,Payroll,2018-04-01,,1480.0,Active
CON00282,C0115,Tax & Legal,2018-04-01,,1110.0,Active
CON00283,C0116,Accounting,2023-03-11,,2470.0,Active
CON00284,C0116,Payroll,2023-03-11,,960.0,Active
CON00285,C0117,Accounting,2020-01-16,,620.0,Active
CON00286,C0117,Payroll,2020-01-16,,1110.0,Active
CON00287,C0118,Accounting,2021-06-30,,1450.0,Active
CON00288,C0118,Payroll,2021-06-30,,1480.0,Active
CON00289,C0119,Accounting,2022-01-14,,650.0,Active
CON00290,C0119,Payroll,2022-01-14,,980.0,Active
CON00291,C0119,Tax & Legal,2022-01-14,,1430.0,Active
CON00292,C0120,Accounting,2021-09-27,,4530.0,Active
CON00293,C0120,Payroll,2021-09-27,,2880.0,Active
CON00294,C0121,Accounting,2021-02-09,2024-05-11,1920.0,Cancelled
CON00295,C0121,Payroll,2021-02-09,2024-05-11,820.0,Cancelled
CON00296,C0121,Tax & Legal,2021-02-09,2024-05-11,1330.0,Cancelled
CON00297,C0122,Accounting,2021-10-19,,6900.0,Active
CON00298,C0122,Payroll,2021-10-19,,6920.0,Active
CON00299,C0122,HR Services,2021-10-19,,2290.0,Active
CON00300,C0122,Tax & Legal,2021-10-19,,3330.0,Active
CON00301,C0123,Payroll,2021-03-11,,3910.0,Active
CON00302,C0123,HR Services,2021-03-11,,4380.0,Active
CON00303,C0124,Accounting,2019-09-15,,450.0,Active
CON00304,C0124,Payroll,2019-09-15,,300.0,Active
CON00305,C0125,Accounting,2021-05-27,,2030.0,Active
CON00306,C0125,HR Services,2021-05-27,,630.0,Active
CON00307,C0126,Accounting,2020-06-24,,4620.0,Active
CON00308,C0126,Payroll,2020-06-24,,3160.0,Active
CON00309,C0127,Accounting,2022-06-14,,440.0,Active
CON00310,C0127,Payroll,2022-06-14,,300.0,Active
CON00311,C0128,Accounting,2021-09-11,2024-01-25,2150.0,Cancelled
CON00312,C0128,Payroll,2021-09-11,2024-01-25,820.0,Cancelled
CON00313,C0128,Tax & Legal,2021-09-11,2024-01-25,550.0,Cancelled
CON00314,C0129,Accounting,2021-10-09,,4480.0,Active
CON00315,C0129,Payroll,2021-10-09,,5410.0,Active
CON00316,C0129,Tax & Legal,2021-10-09,,1720.0,Active
CON00317,C0130,Accounting,2018-10-29,2023-05-17,3710.0,Cancelled
CON00318,C0130,Payroll,2018-10-29,2023-05-17,5410.0,Cancelled
CON00319,C0131,Accounting,2022-10-07,,1530.0,Active
CON00320,C0131,Payroll,2022-10-07,,840.0,Active
CON00321,C0131,Tax & Legal,2022-10-07,,790.0,Active
CON00322,C0132,Accounting,2022-12-20,,250.0,Active
CON00323,C0133,Accounting,2020-10-09,,1900.0,Active
CON00324,C0133,Payroll,2020-10-09,,1580.0,Active
CON00325,C0133,Tax & Legal,2020-10-09,,430.0,Active
CON00326,C0134,Accounting,2023-01-03,,320.0,Active
CON00327,C0134,Payroll,2023-01-03,,280.0,Active
CON00328,C0134,HR Services,2023-01-03,,340.0,Active
CON00329,C0135,Accounting,2022-05-14,,6070.0,Active
CON00330,C0135,Payroll,2022-05-14,,2390.0,Active
CON00331,C0136,Accounting,2020-08-09,2023-05-26,530.0,Cancelled
CON00332,C0136,Payroll,2020-08-09,2023-05-26,330.0,Cancelled
CON00333,C0137,Accounting,2020-07-23,2024-08-09,530.0,Cancelled
CON00334,C0137,Payroll,2020-07-23,2024-08-09,220.0,Cancelled
CON00335,C0138,Accounting,2023-04-30,,24520.0,Active
CON00336,C0138,Payroll,2023-04-30,,21910.0,Active
CON00337,C0138,Tax & Legal,2023-04-30,,13110.0,Active
CON00338,C0139,Accounting,2022-08-29,,1270.0,Active
CON00339,C0139,Payroll,2022-08-29,,1290.0,Active
CON00340,C0139,HR Services,2022-08-29,,680.0,Active
CON00341,C0139,Tax & Legal,2022-08-29,,630.0,Active
CON00342,C0140,Accounting,2022-03-04,,1270.0,Active
CON00343,C0140,Payroll,2022-03-04,,1150.0,Active
CON00344,C0141,Accounting,2022-03-20,,4240.0,Active
CON00345,C0142,Accounting,2022-04-18,,590.0,Active
CON00346,C0143,Accounting,2019-07-17,,3320.0,Active
CON00347,C0143,HR Services,2019-07-17,,4700.0,Active
CON00348,C0144,Accounting,2019-04-26,,470.0,Active
CON00349,C0144,Payroll,2019-04-26,,290.0,Active
CON00350,C0144,HR Services,2019-04-26,,320.0,Active
CON00351,C0145,Accounting,2018-06-15,2023-04-19,550.0,Cancelled
CON00352,C0145,Payroll,2018-06-15,2023-04-19,280.0,Cancelled
CON00353,C0145,HR Services,2018-06-15,2023-04-19,480.0,Cancelled
CON00354,C0145,Tax & Legal,2018-06-15,2023-04-19,390.0,Cancelled
CON00355,C0146,Accounting,2021-12-17,2023-08-13,200.0,Cancelled
CON00356,C0146,Payroll,2021-12-17,2023-08-13,330.0,Cancelled
CON00357,C0147,Accounting,2021-01-16,,340.0,Active
CON00358,C0147,Payroll,2021-01-16,,280.0,Active
CON00359,C0147,HR Services,2021-01-16,,330.0,Active
CON00360,C0147,Tax & Legal,2021-01-16,,220.0,Active
CON00361,C0148,Accounting,2022-09-02,,340.0,Active
CON00362,C0148,Payroll,2022-09-02,,290.0,Active
CON00363,C0148,Tax & Legal,2022-09-02,,320.0,Active
CON00364,C0149,Accounting,2022-10-21,,3150.0,Active
CON00365,C0149,Tax & Legal,2022-10-21,,4460.0,Active
CON00366,C0150,Accounting,2020-09-03,2023-12-22,200.0,Cancelled
CON00367,C0150,HR Services,2020-09-03,2023-12-22,410.0,Cancelled
CON00368,C0150,Tax & Legal,2020-09-03,2023-12-22,310.0,Cancelled
CON00369,C0151,Accounting,2022-10-14,,2370.0,Active
CON00370,C0151,Payroll,2022-10-14,,1320.0,Active
CON00371,C0151,HR Services,2022-10-14,,980.0,Active
CON00372,C0152,Accounting,2021-01-07,,360.0,Active
CON00373,C0152,Payroll,2021-01-07,,320.0,Active
CON00374,C0152,HR Services,2021-01-07,,400.0,Active
CON00375,C0153,Accounting,2020-09-26,2024-06-11,1510.0,Cancelled
CON00376,C0153,Payroll,2020-09-26,2024-06-11,720.0,Cancelled
CON00377,C0153,Tax & Legal,2020-09-26,2024-06-11,1170.0,Cancelled
CON00378,C0154,Accounting,2020-03-07,,600.0,Active
CON00379,C0154,Payroll,2020-03-07,,180.0,Active
CON00380,C0154,HR Services,2020-03-07,,310.0,Active
CON00381,C0155,Accounting,2022-01-23,2023-11-12,1200.0,Cancelled
CON00382,C0155,HR Services,2022-01-23,2023-11-12,1510.0,Cancelled
CON00383,C0156,Accounting,2023-02-01,,600.0,Active
CON00384,C0156,Payroll,2023-02-01,,280.0,Active
CON00385,C0156,HR Services,2023-02-01,,400.0,Active
CON00386,C0157,Accounting,2018-06-21,,20930.0,Active
CON00387,C0157,Payroll,2018-06-21,,13180.0,Active
CON00388,C0158,Accounting,2019-01-08,2024-02-16,240.0,Cancelled
CON00389,C0158,Payroll,2019-01-08,2024-02-16,300.0,Cancelled
CON00390,C0159,Accounting,2020-07-20,,11660.0,Active
CON00391,C0159,Payroll,2020-07-20,,8260.0,Active
CON00392,C0160,Accounting,2019-07-24,,23800.0,Active
CON00393,C0160,Payroll,2019-07-24,,19720.0,Active
CON00394,C0160,Tax & Legal,2019-07-24,,10180.0,Active
CON00395,C0161,Accounting,2019-06-01,,2020.0,Active
CON00396,C0161,Payroll,2019-06-01,,480.0,Active
CON00397,C0162,Accounting,2022-03-15,,810.0,Active
CON00398,C0162,Payroll,2022-03-15,,1230.0,Active
CON00399,C0163,HR Services,2021-08-24,2022-05-13,460.0,Cancelled
CON00400,C0164,Accounting,2023-04-29,,1900.0,Active
CON00401,C0164,Payroll,2023-04-29,,1740.0,Active
CON00402,C0164,Tax & Legal,2023-04-29,,470.0,Active
CON00403,C0165,Accounting,2021-06-26,2022-09-16,220.0,Cancelled
CON00404,C0165,Payroll,2021-06-26,2022-09-16,350.0,Cancelled
CON00405,C0166,Accounting,2021-03-01,,1390.0,Active
CON00406,C0166,Payroll,2021-03-01,,520.0,Active
CON00407,C0167,Accounting,2022-04-20,,14890.0,Active
CON00408,C0167,Payroll,2022-04-20,,10050.0,Active
CON00409,C0168,Accounting,2022-05-12,,450.0,Active
CON00410,C0168,Tax & Legal,2022-05-12,,320.0,Active
CON00411,C0169,Accounting,2021-03-31,2023-10-01,540.0,Cancelled
CON00412,C0169,Payroll,2021-03-31,2023-10-01,170.0,Cancelled
CON00413,C0170,Accounting,2020-03-23,,4510.0,Active
CON00414,C0170,Payroll,2020-03-23,,5650.0,Active
CON00415,C0170,HR Services,2020-03-23,,4690.0,Active
CON00416,C0171,Accounting,2021-04-27,,2410.0,Active
CON00417,C0171,Payroll,2021-04-27,,1500.0,Active
CON00418,C0171,Tax & Legal,2021-04-27,,540.0,Active
CON00419,C0172,Accounting,2018-07-28,,310.0,Active
CON00420,C0172,Tax & Legal,2018-07-28,,350.0,Active
CON00421,C0173,Accounting,2022-06-19,,2920.0,Active
CON00422,C0173,Payroll,2022-06-19,,4800.0,Active
CON00423,C0173,HR Services,2022-06-19,,3550.0,Active
CON00424,C0173,Tax & Legal,2022-06-19,,3100.0,Active
CON00425,C0174,Accounting,2019-12-13,,1300.0,Active
CON00426,C0174,Payroll,2019-12-13,,540.0,Active
CON00427,C0175,Accounting,2018-05-22,,5810.0,Active
CON00428,C0175,Payroll,2018-05-22,,6290.0,Active
CON00429,C0175,HR Services,2018-05-22,,3620.0,Active
CON00430,C0175,Tax & Legal,2018-05-22,,1770.0,Active
CON00431,C0177,Accounting,2020-06-06,,5230.0,Active
CON00432,C0177,Payroll,2020-06-06,,3960.0,Active
CON00433,C0177,Tax & Legal,2020-06-06,,1500.0,Active
CON00434,C0178,Accounting,2021-12-19,2022-12-14,18540.0,Cancelled
CON00435,C0178,HR Services,2021-12-19,2022-12-14,15650.0,Cancelled
CON00436,C0179,Payroll,2021-06-15,,4220.0,Active
CON00437,C0179,HR Services,2021-06-15,,5300.0,Active
CON00438,C0179,Tax & Legal,2021-06-15,,3300.0,Active
CON00439,C0180,Accounting,2020-08-10,,980.0,Active
CON00440,C0180,Payroll,2020-08-10,,830.0,Active
CON00441,C0181,Accounting,2019-07-04,,1540.0,Active
CON00442,C0181,Payroll,2019-07-04,,670.0,Active
CON00443,C0182,Accounting,2019-07-26,,610.0,Active
CON00444,C0182,Payroll,2019-07-26,,730.0,Active
CON00445,C0183,Accounting,2021-03-13,,2410.0,Active
CON00446,C0183,Payroll,2021-03-13,,1320.0,Active
CON00447,C0184,Accounting,2018-02-28,,1610.0,Active
CON00448,C0184,Payroll,2018-02-28,,1090.0,Active
CON00449,C0184,HR Services,2018-02-28,,1800.0,Active
CON00450,C0185,Accounting,2020-09-25,2023-06-14,2350.0,Cancelled
CON00451,C0186,Accounting,2022-12-08,,590.0,Active
CON00452,C0186,Payroll,2022-12-08,,170.0,Active
CON00453,C0186,HR Services,2022-12-08,,450.0,Active
CON00454,C0186,Tax & Legal,2022-12-08,,290.0,Active
CON00455,C0187,Accounting,2018-01-21,,2430.0,Active
CON00456,C0187,Payroll,2018-01-21,,770.0,Active
CON00457,C0187,HR Services,2018-01-21,,1540.0,Active
CON00458,C0188,Accounting,2019-05-10,,330.0,Active
CON00459,C0188,Payroll,2019-05-10,,170.0,Active
CON00460,C0188,HR Services,2019-05-10,,430.0,Active
CON00461,C0189,Accounting,2022-04-02,,910.0,Active
CON00462,C0189,Payroll,2022-04-02,,970.0,Active
CON00463,C0190,Accounting,2020-07-06,,4500.0,Active
CON00464,C0190,Payroll,2020-07-06,,2420.0,Active
CON00465,C0190,HR Services,2020-07-06,,4590.0,Active
CON00466,C0191,Accounting,2019-03-30,,2760.0,Active
CON00467,C0191,Tax & Legal,2019-03-30,,2140.0,Active
CON00468,C0192,Accounting,2021-09-21,,5840.0,Active
CON00469,C0192,Payroll,2021-09-21,,3150.0,Active
CON00470,C0192,Tax & Legal,2021-09-21,,2740.0,Active
CON00471,C0193,Accounting,2020-05-21,,7360.0,Active
CON00472,C0193,Payroll,2020-05-21,,4200.0,Active
CON00473,C0193,Tax & Legal,2020-05-21,,1250.0,Active
CON00474,C0194,Accounting,2019-12-22,,2470.0,Active
CON00475,C0194,Payroll,2019-12-22,,1550.0,Active
CON00476,C0195,Accounting,2019-05-30,,430.0,Active
CON00477,C0195,Payroll,2019-05-30,,350.0,Active
CON00478,C0195,HR Services,2019-05-30,,220.0,Active
CON00479,C0196,Accounting,2019-10-09,2023-01-15,250.0,Cancelled
CON00480,C0196,Tax & Legal,2019-10-09,2023-01-15,160.0,Cancelled
CON00481,C0197,Accounting,2022-02-21,,270.0,Active
CON00482,C0197,Payroll,2022-02-21,,360.0,Active
CON00483,C0197,Tax & Legal,2022-02-21,,320.0,Active
CON00484,C0198,Accounting,2023-06-24,,290.0,Active
CON00485,C0198,Payroll,2023-06-24,,220.0,Active
CON00486,C0198,Tax & Legal,2023-06-24,,300.0,Active
CON00487,C0199,Accounting,2018-07-25,,1160.0,Active
CON00488,C0199,Payroll,2018-07-25,,1170.0,Active
CON00489,C0199,HR Services,2018-07-25,,860.0,Active
CON00490,C0199,Tax & Legal,2018-07-25,,620.0,Active
CON00491,C0200,Accounting,2020-01-10,2022-01-29,410.0,Cancelled
CON00492,C0200,Payroll,2020-01-10,2022-01-29,350.0,Cancelled
CON00493,C0201,Accounting,2018-09-17,,340.0,Active
CON00494,C0201,Payroll,2018-09-17,,270.0,Active
CON00495,C0202,Accounting,2019-08-22,,270.0,Active
CON00496,C0202,Payroll,2019-08-22,,200.0,Active
CON00497,C0203,Accounting,2022-11-14,,600.0,Active
CON00498,C0203,Payroll,2022-11-14,,340.0,Active
CON00499,C0204,Accounting,2021-03-21,,460.0,Active
CON00500,C0204,Payroll,2021-03-21,,350.0,Active
CON00501,C0204,Tax & Legal,2021-03-21,,400.0,Active
CON00502,C0205,Accounting,2019-11-29,2022-04-16,540.0,Cancelled
CON00503,C0206,Accounting,2018-08-22,,270.0,Active
CON00504,C0206,Payroll,2018-08-22,,350.0,Active
CON00505,C0207,Accounting,2018-06-01,,1930.0,Active
CON00506,C0208,Accounting,2018-11-07,2023-09-15,600.0,Cancelled
CON00507,C0208,Tax & Legal,2018-11-07,2023-09-15,270.0,Cancelled
CON00508,C0209,Accounting,2018-08-31,,290.0,Active
CON00509,C0209,Payroll,2018-08-31,,280.0,Active
CON00510,C0209,HR Services,2018-08-31,,480.0,Active
CON00511,C0209,Tax & Legal,2018-08-31,,180.0,Active
CON00512,C0210,Accounting,2022-05-08,,570.0,Active
CON00513,C0210,Tax & Legal,2022-05-08,,300.0,Active
CON00514,C0211,Accounting,2019-09-01,,7530.0,Active
CON00515,C0212,Accounting,2021-03-10,,580.0,Active
CON00516,C0212,Payroll,2021-03-10,,180.0,Active
CON00517,C0212,HR Services,2021-03-10,,240.0,Active
CON00518,C0212,Tax & Legal,2021-03-10,,390.0,Active
CON00519,C0213,Accounting,2023-04-25,,580.0,Active
CON00520,C0213,Payroll,2023-04-25,,190.0,Active
CON00521,C0214,HR Services,2019-06-26,,380.0,Active
CON00522,C0214,Tax & Legal,2019-06-26,,230.0,Active
CON00523,C0215,Accounting,2018-12-22,,250.0,Active
CON00524,C0215,Payroll,2018-12-22,,390.0,Active
CON00525,C0215,Tax & Legal,2018-12-22,,400.0,Active
CON00526,C0216,Payroll,2020-04-16,,1240.0,Active
CON00527,C0217,Accounting,2019-08-20,2023-08-14,1670.0,Cancelled
CON00528,C0217,HR Services,2019-08-20,2023-08-14,1470.0,Cancelled
CON00529,C0217,Tax & Legal,2019-08-20,2023-08-14,1480.0,Cancelled
CON00530,C0218,Accounting,2021-12-10,,2280.0,Active
CON00531,C0218,Payroll,2021-12-10,,1390.0,Active
CON00532,C0219,Accounting,2023-03-08,,310.0,Active
CON00533,C0219,Payroll,2023-03-08,,170.0,Active
CON00534,C0219,HR Services,2023-03-08,,230.0,Active
CON00535,C0219,Tax & Legal,2023-03-08,,250.0,Active
CON00536,C0220,Accounting,2021-09-16,,2440.0,Active
CON00537,C0220,Tax & Legal,2021-09-16,,1000.0,Active
CON00538,C0221,Accounting,2018-08-24,,18110.0,Active
CON00539,C0222,Accounting,2023-02-04,,230.0,Active
CON00540,C0222,HR Services,2023-02-04,,300.0,Active
CON00541,C0223,Accounting,2018-05-03,2023-09-22,270.0,Cancelled
CON00542,C0223,Payroll,2018-05-03,2023-09-22,330.0,Cancelled
CON00543,C0224,Accounting,2023-03-02,,440.0,Active
CON00544,C0224,Payroll,2023-03-02,,270.0,Active
CON00545,C0224,HR Services,2023-03-02,,480.0,Active
CON00546,C0224,Tax & Legal,2023-03-02,,370.0,Active
CON00547,C0225,Accounting,2021-11-11,,790.0,Active
CON00548,C0225,Payroll,2021-11-11,,670.0,Active
CON00549,C0226,Accounting,2020-10-21,,310.0,Active
CON00550,C0226,Payroll,2020-10-21,,210.0,Active
CON00551,C0226,HR Services,2020-10-21,,370.0,Active
CON00552,C0227,Accounting,2021-05-09,2024-06-03,4850.0,Cancelled
CON00553,C0227,Payroll,2021-05-09,2024-06-03,3330.0,Cancelled
CON00554,C0228,Accounting,2021-05-21,,210.0,Active
CON00555,C0228,Payroll,2021-05-21,,220.0,Active
CON00556,C0228,HR Services,2021-05-21,,450.0,Active
CON00557,C0228,Tax & Legal,2021-05-21,,250.0,Active
CON00558,C0229,Accounting,2023-05-24,,1860.0,Active
CON00559,C0229,Payroll,2023-05-24,,1160.0,Active
CON00560,C0229,HR Services,2023-05-24,,1650.0,Active
CON00561,C0229,Tax & Legal,2023-05-24,,890.0,Active
CON00562,C0230,Accounting,2022-04-16,,5520.0,Active
CON00563,C0230,Payroll,2022-04-16,,3200.0,Active
CON00564,C0230,HR Services,2022-04-16,,4890.0,Active
CON00565,C0231,Accounting,2018-03-24,,1250.0,Active
CON00566,C0231,Payroll,2018-03-24,,1760.0,Active
CON00567,C0232,Accounting,2020-11-28,,530.0,Active
CON00568,C0232,Payroll,2020-11-28,,280.0,Active
CON00569,C0233,Accounting,2021-04-13,,1500.0,Active
CON00570,C0233,Payroll,2021-04-13,,1660.0,Active
CON00571,C0234,Accounting,2023-06-08,,2120.0,Active
CON00572,C0234,Payroll,2023-06-08,,1270.0,Active
CON00573,C0234,HR Services,2023-06-08,,1480.0,Active
CON00574,C0234,Tax & Legal,2023-06-08,,1480.0,Active
CON00575,C0235,HR Services,2019-11-14,,330.0,Active
CON00576,C0236,Accounting,2019-11-07,,600.0,Active
CON00577,C0236,Payroll,2019-11-07,,360.0,Active
CON00578,C0236,HR Services,2019-11-07,,470.0,Active
CON00579,C0237,Accounting,2021-09-18,,1340.0,Active
CON00580,C0237,Payroll,2021-09-18,,860.0,Active
CON00581,C0237,HR Services,2021-09-18,,1100.0,Active
CON00582,C0238,Accounting,2018-03-17,,1780.0,Active
CON00583,C0238,Payroll,2018-03-17,,990.0,Active
CON00584,C0238,Tax & Legal,2018-03-17,,1050.0,Active
CON00585,C0239,Accounting,2019-10-25,2024-04-07,8610.0,Cancelled
CON00586,C0239,Tax & Legal,2019-10-25,2024-04-07,2290.0,Cancelled
CON00587,C0240,Accounting,2022-08-17,,340.0,Active
CON00588,C0240,Payroll,2022-08-17,,250.0,Active
CON00589,C0241,Accounting,2020-04-26,2024-11-27,310.0,Cancelled
CON00590,C0241,Payroll,2020-04-26,2024-11-27,300.0,Cancelled
CON00591,C0241,Tax & Legal,2020-04-26,2024-11-27,370.0,Cancelled
CON00592,C0242,Accounting,2021-07-04,,1050.0,Active
CON00593,C0242,Payroll,2021-07-04,,1690.0,Active
CON00594,C0242,Tax & Legal,2021-07-04,,1300.0,Active
CON00595,C0243,Accounting,2019-07-01,,4320.0,Active
CON00596,C0243,Payroll,2019-07-01,,5420.0,Active
CON00597,C0243,HR Services,2019-07-01,,5410.0,Active
CON00598,C0243,Tax & Legal,2019-07-01,,4900.0,Active
CON00599,C0244,Accounting,2022-12-09,,530.0,Active
CON00600,C0244,Payroll,2022-12-09,,250.0,Active
CON00601,C0244,Tax & Legal,2022-12-09,,200.0,Active
CON00602,C0245,Accounting,2023-06-17,,2010.0,Active
CON00603,C0245,Payroll,2023-06-17,,1610.0,Active
CON00604,C0246,Accounting,2021-12-24,2024-01-07,320.0,Cancelled
CON00605,C0246,Payroll,2021-12-24,2024-01-07,180.0,Cancelled
CON00606,C0247,Accounting,2018-07-10,,280.0,Active
CON00607,C0247,Tax & Legal,2018-07-10,,260.0,Active
CON00608,C0248,Accounting,2020-08-03,,1940.0,Active
CON00609,C0248,Payroll,2020-08-03,,1550.0,Active
CON00610,C0249,Accounting,2020-10-17,,2700.0,Active
CON00611,C0249,Payroll,2020-10-17,,4890.0,Active
CON00612,C0249,HR Services,2020-10-17,,5420.0,Active
CON00613,C0250,Accounting,2021-12-15,,3560.0,Active
CON00614,C0251,Accounting,2020-08-25,,5010.0,Active
CON00615,C0251,Payroll,2020-08-25,,4780.0,Active
CON00616,C0252,Accounting,2020-02-25,2024-11-06,470.0,Cancelled
CON00617,C0252,Payroll,2020-02-25,2024-11-06,250.0,Cancelled
CON00618,C0252,HR Services,2020-02-25,2024-11-06,430.0,Cancelled
CON00619,C0253,Accounting,2022-11-05,2024-07-01,2330.0,Cancelled
CON00620,C0253,Payroll,2022-11-05,2024-07-01,1240.0,Cancelled
CON00621,C0253,HR Services,2022-11-05,2024-07-01,830.0,Cancelled
CON00622,C0254,Accounting,2022-08-08,2023-12-06,590.0,Cancelled
CON00623,C0254,Payroll,2022-08-08,2023-12-06,260.0,Cancelled
CON00624,C0254,Tax & Legal,2022-08-08,2023-12-06,210.0,Cancelled
CON00625,C0255,Accounting,2022-11-08,2024-11-08,1890.0,Cancelled
CON00626,C0255,Tax & Legal,2022-11-08,2024-11-08,960.0,Cancelled
CON00627,C0256,Accounting,2019-11-12,,7980.0,Active
CON00628,C0256,Payroll,2019-11-12,,5170.0,Active
CON00629,C0256,Tax & Legal,2019-11-12,,1610.0,Active
CON00630,C0257,Accounting,2020-07-21,,8920.0,Active
CON00631,C0257,Payroll,2020-07-21,,6280.0,Active
CON00632,C0257,HR Services,2020-07-21,,4700.0,Active
CON00633,C0258,Accounting,2021-11-29,,260.0,Active
CON00634,C0258,Payroll,2021-11-29,,370.0,Active
CON00635,C0259,Accounting,2022-10-20,,460.0,Active
CON00636,C0259,Payroll,2022-10-20,,330.0,Active
CON00637,C0260,Accounting,2022-03-06,,1400.0,Active
CON00638,C0260,Payroll,2022-03-06,,450.0,Active
CON00639,C0261,Accounting,2020-03-01,,1980.0,Active
CON00640,C0261,Payroll,2020-03-01,,1150.0,Active
CON00641,C0262,Accounting,2020-10-11,,400.0,Active
CON00642,C0263,Accounting,2023-06-01,,790.0,Active
CON00643,C0263,Payroll,2023-06-01,,760.0,Active
CON00644,C0264,Accounting,2022-11-26,,470.0,Active
CON00645,C0264,Payroll,2022-11-26,,170.0,Active
CON00646,C0265,Accounting,2018-02-01,,2100.0,Active
CON00647,C0265,Payroll,2018-02-01,,760.0,Active
CON00648,C0265,HR Services,2018-02-01,,1610.0,Active
CON00649,C0266,Accounting,2018-06-03,,6290.0,Active
CON00650,C0266,HR Services,2018-06-03,,5500.0,Active
CON00651,C0267,Accounting,2021-06-30,,4980.0,Active
CON00652,C0267,Payroll,2021-06-30,,2080.0,Active
CON00653,C0267,Tax & Legal,2021-06-30,,1960.0,Active
CON00654,C0268,Accounting,2022-10-11,,1680.0,Active
CON00655,C0268,Tax & Legal,2022-10-11,,1190.0,Active
CON00656,C0269,Accounting,2020-02-18,,1530.0,Active
CON00657,C0269,Payroll,2020-02-18,,650.0,Active
CON00658,C0269,Tax & Legal,2020-02-18,,700.0,Active
CON00659,C0270,Accounting,2022-11-22,,920.0,Active
CON00660,C0270,Payroll,2022-11-22,,1090.0,Active
CON00661,C0270,Tax & Legal,2022-11-22,,1080.0,Active
CON00662,C0271,Accounting,2019-04-26,,5120.0,Active
CON00663,C0271,Tax & Legal,2019-04-26,,1960.0,Active
CON00664,C0272,Accounting,2022-03-10,2022-12-15,2590.0,Cancelled
CON00665,C0272,Payroll,2022-03-10,2022-12-15,6130.0,Cancelled
CON00666,C0272,HR Services,2022-03-10,2022-12-15,4550.0,Cancelled
CON00667,C0273,Accounting,2020-06-27,2023-09-06,480.0,Cancelled
CON00668,C0273,Payroll,2020-06-27,2023-09-06,180.0,Cancelled
CON00669,C0274,Accounting,2019-10-27,,7850.0,Active
CON00670,C0274,Payroll,2019-10-27,,3310.0,Active
CON00671,C0275,Accounting,2020-02-07,,560.0,Active
CON00672,C0276,Accounting,2020-04-23,,280.0,Active
CON00673,C0276,Tax & Legal,2020-04-23,,210.0,Active
CON00674,C0277,Accounting,2018-12-15,2024-02-23,850.0,Cancelled
CON00675,C0277,Payroll,2018-12-15,2024-02-23,1230.0,Cancelled
CON00676,C0277,HR Services,2018-12-15,2024-02-23,980.0,Cancelled
CON00677,C0278,Accounting,2020-10-16,,550.0,Active
CON00678,C0278,Payroll,2020-10-16,,280.0,Active
CON00679,C0278,HR Services,2020-10-16,,500.0,Active
CON00680,C0279,Accounting,2020-08-02,,640.0,Active
CON00681,C0279,Payroll,2020-08-02,,980.0,Active
CON00682,C0280,Accounting,2021-09-27,2024-06-26,890.0,Cancelled
CON00683,C0280,Payroll,2021-09-27,2024-06-26,1280.0,Cancelled
CON00684,C0280,HR Services,2021-09-27,2024-06-26,1360.0,Cancelled
CON00685,C0281,Accounting,2021-10-19,,1750.0,Active
CON00686,C0281,Payroll,2021-10-19,,1560.0,Active
CON00687,C0281,HR Services,2021-10-19,,1430.0,Active
CON00688,C0281,Tax & Legal,2021-10-19,,530.0,Active
CON00689,C0282,Accounting,2023-04-20,,280.0,Active
CON00690,C0282,Payroll,2023-04-20,,220.0,Active
CON00691,C0282,Tax & Legal,2023-04-20,,330.0,Active
CON00692,C0283,Accounting,2021-08-01,,9750.0,Active
CON00693,C0283,Payroll,2021-08-01,,10120.0,Active
CON00694,C0283,Tax & Legal,2021-08-01,,5030.0,Active
CON00695,C0284,Accounting,2020-07-24,,560.0,Active
CON00696,C0284,Tax & Legal,2020-07-24,,170.0,Active
CON00697,C0285,Accounting,2022-10-14,,7200.0,Active
CON00698,C0285,Payroll,2022-10-14,,3130.0,Active
CON00699,C0285,HR Services,2022-10-14,,5950.0,Active
CON00700,C0285,Tax & Legal,2022-10-14,,2960.0,Active
CON00701,C0286,Accounting,2021-03-17,,270.0,Active
CON00702,C0286,Payroll,2021-03-17,,220.0,Active
CON00703,C0286,Tax & Legal,2021-03-17,,330.0,Active
CON00704,C0287,Accounting,2019-08-28,2024-03-21,500.0,Cancelled
CON00705,C0287,Payroll,2019-08-28,2024-03-21,360.0,Cancelled
CON00706,C0287,Tax & Legal,2019-08-28,2024-03-21,240.0,Cancelled
CON00707,C0288,Accounting,2021-03-05,,1780.0,Active
CON00708,C0288,HR Services,2021-03-05,,1560.0,Active
CON00709,C0288,Tax & Legal,2021-03-05,,840.0,Active
CON00710,C0289,Payroll,2023-02-08,,940.0,Active
CON00711,C0290,Accounting,2022-05-08,,7680.0,Active
CON00712,C0290,Payroll,2022-05-08,,5420.0,Active
CON00713,C0290,HR Services,2022-05-08,,5740.0,Active
CON00714,C0290,Tax & Legal,2022-05-08,,2780.0,Active
CON00715,C0291,Accounting,2019-03-25,,520.0,Active
CON00716,C0291,Payroll,2019-03-25,,200.0,Active
CON00717,C0291,Tax & Legal,2019-03-25,,160.0,Active
CON00718,C0292,Accounting,2021-10-20,,540.0,Active
CON00719,C0292,HR Services,2021-10-20,,480.0,Active
CON00720,C0292,Tax & Legal,2021-10-20,,250.0,Active
CON00721,C0293,Accounting,2021-07-10,2022-03-27,1100.0,Cancelled
CON00722,C0293,Payroll,2021-07-10,2022-03-27,1390.0,Cancelled
CON00723,C0294,Accounting,2018-03-10,,430.0,Active
CON00724,C0294,Tax & Legal,2018-03-10,,280.0,Active
CON00725,C0295,Accounting,2018-07-04,,240.0,Active
CON00726,C0295,Payroll,2018-07-04,,210.0,Active
CON00727,C0296,Accounting,2020-04-30,2022-09-28,2190.0,Cancelled
CON00728,C0296,Payroll,2020-04-30,2022-09-28,1780.0,Cancelled
CON00729,C0296,HR Services,2020-04-30,2022-09-28,1340.0,Cancelled
CON00730,C0296,Tax & Legal,2020-04-30,2022-09-28,1330.0,Cancelled
CON00731,C0297,Accounting,2022-11-30,,550.0,Active
CON00732,C0297,Payroll,2022-11-30,,270.0,Active
CON00733,C0297,HR Services,2022-11-30,,490.0,Active
CON00734,C0297,Tax & Legal,2022-11-30,,210.0,Active
CON00735,C0298,Accounting,2023-02-14,,5120.0,Active
CON00736,C0298,Payroll,2023-02-14,,4190.0,Active
CON00737,C0299,Accounting,2023-02-15,,380.0,Active
CON00738,C0299,Payroll,2023-02-15,,270.0,Active
CON00739,C0299,Tax & Legal,2023-02-15,,250.0,Active
CON00740,C0300,Accounting,2022-03-09,,200.0,Active
CON00741,C0300,Payroll,2022-03-09,,300.0,Active
CON00742,C0300,Tax & Legal,2022-03-09,,280.0,Active
CON00743,C0301,Accounting,2020-08-17,,470.0,Active
CON00744,C0301,Tax & Legal,2020-08-17,,210.0,Active
CON00745,C0302,Accounting,2022-10-28,,1660.0,Active
CON00746,C0302,Payroll,2022-10-28,,1060.0,Active
CON00747,C0303,Accounting,2023-06-04,,500.0,Active
CON00748,C0303,Payroll,2023-06-04,,240.0,Active
CON00749,C0304,Accounting,2018-07-04,,1590.0,Active
CON00750,C0304,Payroll,2018-07-04,,460.0,Active
CON00751,C0304,HR Services,2018-07-04,,680.0,Active
CON00752,C0305,Accounting,2021-01-03,2024-01-25,800.0,Cancelled
CON00753,C0305,Payroll,2021-01-03,2024-01-25,660.0,Cancelled
CON00754,C0305,Tax & Legal,2021-01-03,2024-01-25,900.0,Cancelled
CON00755,C0306,Accounting,2021-04-12,,490.0,Active
CON00756,C0306,Payroll,2021-04-12,,250.0,Active
CON00757,C0307,Accounting,2018-08-10,,510.0,Active
CON00758,C0307,Payroll,2018-08-10,,310.0,Active
CON00759,C0307,Tax & Legal,2018-08-10,,270.0,Active
CON00760,C0308,Accounting,2021-06-22,,2820.0,Active
CON00761,C0309,Accounting,2023-02-18,,570.0,Active
CON00762,C0309,Payroll,2023-02-18,,290.0,Active
CON00763,C0309,Tax & Legal,2023-02-18,,250.0,Active
CON00764,C0310,Accounting,2021-07-25,,2280.0,Active
CON00765,C0310,Payroll,2021-07-25,,940.0,Active
CON00766,C0311,Accounting,2021-08-22,,4280.0,Active
CON00767,C0312,Accounting,2023-04-22,,370.0,Active
CON00768,C0312,Payroll,2023-04-22,,340.0,Active
CON00769,C0312,HR Services,2023-04-22,,410.0,Active
CON00770,C0313,Accounting,2018-07-19,,8580.0,Active
CON00771,C0313,Payroll,2018-07-19,,2840.0,Active
CON00772,C0313,Tax & Legal,2018-07-19,,2510.0,Active
CON00773,C0314,Accounting,2020-03-06,,590.0,Active
CON00774,C0314,Payroll,2020-03-06,,390.0,Active
CON00775,C0315,Accounting,2021-04-17,,3250.0,Active
CON00776,C0315,Payroll,2021-04-17,,4300.0,Active
CON00777,C0316,Accounting,2021-09-03,2024-11-28,500.0,Cancelled
CON00778,C0316,HR Services,2021-09-03,2024-11-28,450.0,Cancelled
CON00779,C0317,Accounting,2023-04-08,,650.0,Active
CON00780,C0317,Payroll,2023-04-08,,1340.0,Active
CON00781,C0317,HR Services,2023-04-08,,1480.0,Active
CON00782,C0317,Tax & Legal,2023-04-08,,720.0,Active
CON00783,C0318,Accounting,2019-03-21,,540.0,Active
CON00784,C0318,Payroll,2019-03-21,,220.0,Active
CON00785,C0318,Tax & Legal,2019-03-21,,350.0,Active
CON00786,C0319,Accounting,2018-07-23,,550.0,Active
CON00787,C0319,Payroll,2018-07-23,,370.0,Active
CON00788,C0320,Accounting,2023-01-21,,510.0,Active
CON00789,C0320,HR Services,2023-01-21,,400.0,Active
CON00790,C0321,Accounting,2020-03-26,,2420.0,Active
CON00791,C0321,HR Services,2020-03-26,,1220.0,Active
CON00792,C0321,Tax & Legal,2020-03-26,,680.0,Active
CON00793,C0322,Accounting,2018-07-07,,510.0,Active
CON00794,C0323,Accounting,2023-06-12,,460.0,Active
CON00795,C0323,Payroll,2023-06-12,,290.0,Active
CON00796,C0324,Payroll,2019-05-14,,650.0,Active
CON00797,C0324,Tax & Legal,2019-05-14,,590.0,Active
CON00798,C0325,Accounting,2019-02-25,2023-03-01,350.0,Cancelled
CON00799,C0325,Payroll,2019-02-25,2023-03-01,290.0,Cancelled
CON00800,C0325,HR Services,2019-02-25,2023-03-01,380.0,Cancelled
CON00801,C0325,Tax & Legal,2019-02-25,2023-03-01,230.0,Cancelled
CON00802,C0326,Accounting,2022-07-24,,890.0,Active
CON00803,C0326,Payroll,2022-07-24,,850.0,Active
CON00804,C0326,HR Services,2022-07-24,,1710.0,Active
CON00805,C0327,Accounting,2022-06-04,,1530.0,Active
CON00806,C0327,Payroll,2022-06-04,,900.0,Active
CON00807,C0327,Tax & Legal,2022-06-04,,640.0,Active
CON00808,C0328,Accounting,2022-10-25,,230.0,Active
CON00809,C0328,Payroll,2022-10-25,,250.0,Active
CON00810,C0328,Tax & Legal,2022-10-25,,210.0,Active
CON00811,C0329,Accounting,2022-06-24,2024-10-27,1230.0,Cancelled
CON00812,C0329,Payroll,2022-06-24,2024-10-27,710.0,Cancelled
CON00813,C0330,Tax & Legal,2018-09-27,2023-05-03,320.0,Cancelled
CON00814,C0331,Accounting,2018-02-02,2022-04-18,2320.0,Cancelled
CON00815,C0331,Payroll,2018-02-02,2022-04-18,1270.0,Cancelled
CON00816,C0332,Accounting,2020-12-13,2022-05-11,570.0,Cancelled
CON00817,C0333,Accounting,2022-05-13,,560.0,Active
CON00818,C0334,Accounting,2020-07-14,,220.0,Active
CON00819,C0334,HR Services,2020-07-14,,350.0,Active
CON00820,C0335,Accounting,2022-01-29,,2420.0,Active
CON00821,C0335,Payroll,2022-01-29,,410.0,Active
CON00822,C0335,HR Services,2022-01-29,,1370.0,Active
CON00823,C0336,Accounting,2020-07-27,,1410.0,Active
CON00824,C0336,Payroll,2020-07-27,,1150.0,Active
CON00825,C0337,Accounting,2020-09-07,,1830.0,Active
CON00826,C0337,Tax & Legal,2020-09-07,,910.0,Active
CON00827,C0338,Accounting,2020-10-01,,3070.0,Active
CON00828,C0338,Payroll,2020-10-01,,5930.0,Active
CON00829,C0339,Accounting,2023-01-16,,4180.0,Active
CON00830,C0339,Payroll,2023-01-16,,5080.0,Active
CON00831,C0339,Tax & Legal,2023-01-16,,3760.0,Active
CON00832,C0340,Accounting,2018-05-15,2023-10-28,6670.0,Cancelled
CON00833,C0340,Payroll,2018-05-15,2023-10-28,5730.0,Cancelled
CON00834,C0341,Accounting,2020-07-18,,570.0,Active
CON00835,C0341,Payroll,2020-07-18,,350.0,Active
CON00836,C0341,HR Services,2020-07-18,,230.0,Active
CON00837,C0342,Accounting,2022-06-13,,5070.0,Active
CON00838,C0342,Payroll,2022-06-13,,4260.0,Active
CON00839,C0342,Tax & Legal,2022-06-13,,2690.0,Active
CON00840,C0343,Accounting,2020-05-30,,6050.0,Active
CON00841,C0343,HR Services,2020-05-30,,4550.0,Active
CON00842,C0344,Accounting,2019-11-26,,490.0,Active
CON00843,C0344,Payroll,2019-11-26,,390.0,Active
CON00844,C0345,Accounting,2022-02-03,2023-10-13,200.0,Cancelled
CON00845,C0345,Payroll,2022-02-03,2023-10-13,280.0,Cancelled
CON00846,C0345,Tax & Legal,2022-02-03,2023-10-13,340.0,Cancelled
CON00847,C0346,Accounting,2020-02-06,,340.0,Active
CON00848,C0346,Payroll,2020-02-06,,310.0,Active
CON00849,C0346,Tax & Legal,2020-02-06,,210.0,Active
CON00850,C0347,Accounting,2018-05-18,2022-06-24,280.0,Cancelled
CON00851,C0347,Payroll,2018-05-18,2022-06-24,350.0,Cancelled
CON00852,C0349,Accounting,2021-02-13,2023-11-07,730.0,Cancelled
CON00853,C0349,Payroll,2021-02-13,2023-11-07,1420.0,Cancelled
CON00854,C0349,Tax & Legal,2021-02-13,2023-11-07,540.0,Cancelled
CON00855,C0350,Accounting,2020-04-21,,3150.0,Active
CON00856,C0350,Payroll,2020-04-21,,6480.0,Active
CON00857,C0350,HR Services,2020-04-21,,3530.0,Active
CON00858,C0351,Accounting,2022-11-13,,1710.0,Active
CON00859,C0351,Payroll,2022-11-13,,910.0,Active
CON00860,C0351,HR Services,2022-11-13,,1060.0,Active
CON00861,C0351,Tax & Legal,2022-11-13,,670.0,Active
CON00862,C0352,Accounting,2021-05-14,,23060.0,Active
CON00863,C0352,Payroll,2021-05-14,,19600.0,Active
CON00864,C0352,HR Services,2021-05-14,,14800.0,Active
CON00865,C0353,Accounting,2018-11-13,,1280.0,Active
CON00866,C0353,Payroll,2018-11-13,,1170.0,Active
CON00867,C0353,HR Services,2018-11-13,,1290.0,Active
CON00868,C0354,Accounting,2019-12-19,,3410.0,Active
CON00869,C0354,Payroll,2019-12-19,,3170.0,Active
CON00870,C0354,Tax & Legal,2019-12-19,,1490.0,Active
CON00871,C0355,Accounting,2022-04-11,,1560.0,Active
CON00872,C0355,Payroll,2022-04-11,,1210.0,Active
CON00873,C0356,Accounting,2022-09-27,,420.0,Active
CON00874,C0356,Payroll,2022-09-27,,400.0,Active
CON00875,C0357,Accounting,2021-06-01,,290.0,Active
CON00876,C0357,Payroll,2021-06-01,,330.0,Active
CON00877,C0357,HR Services,2021-06-01,,340.0,Active
CON00878,C0358,Accounting,2018-03-01,2023-09-25,400.0,Cancelled
CON00879,C0358,Payroll,2018-03-01,2023-09-25,360.0,Cancelled
CON00880,C0359,Accounting,2018-01-13,2022-10-21,1580.0,Cancelled
CON00881,C0359,Payroll,2018-01-13,2022-10-21,650.0,Cancelled
CON00882,C0360,Payroll,2018-05-23,2022-03-04,270.0,Cancelled
CON00883,C0360,Tax & Legal,2018-05-23,2022-03-04,270.0,Cancelled
CON00884,C0361,Accounting,2020-02-10,,350.0,Active
CON00885,C0361,Payroll,2020-02-10,,200.0,Active
CON00886,C0361,Tax & Legal,2020-02-10,,270.0,Active
CON00887,C0362,Accounting,2020-01-28,,2800.0,Active
CON00888,C0363,Accounting,2022-12-15,2023-11-21,530.0,Cancelled
CON00889,C0363,HR Services,2022-12-15,2023-11-21,360.0,Cancelled
CON00890,C0363,Tax & Legal,2022-12-15,2023-11-21,310.0,Cancelled
CON00891,C0364,Accounting,2021-10-12,2023-07-07,6750.0,Cancelled
CON00892,C0364,Tax & Legal,2021-10-12,2023-07-07,4650.0,Cancelled
CON00893,C0365,Accounting,2020-09-21,,1270.0,Active
CON00894,C0366,Accounting,2019-03-18,,400.0,Active
CON00895,C0366,Payroll,2019-03-18,,190.0,Active
CON00896,C0366,HR Services,2019-03-18,,390.0,Active
CON00897,C0366,Tax & Legal,2019-03-18,,200.0,Active
CON00898,C0367,Accounting,2020-05-30,2024-09-23,490.0,Cancelled
CON00899,C0367,Payroll,2020-05-30,2024-09-23,210.0,Cancelled
CON00900,C0368,Accounting,2018-04-04,,5610.0,Active
CON00901,C0368,Payroll,2018-04-04,,2640.0,Active
CON00902,C0368,Tax & Legal,2018-04-04,,1360.0,Active
CON00903,C0369,Accounting,2018-01-16,2023-03-09,260.0,Cancelled
CON00904,C0369,Payroll,2018-01-16,2023-03-09,160.0,Cancelled
CON00905,C0369,Tax & Legal,2018-01-16,2023-03-09,210.0,Cancelled
CON00906,C0370,Accounting,2022-04-15,,2420.0,Active
CON00907,C0370,Payroll,2022-04-15,,1190.0,Active
CON00908,C0370,HR Services,2022-04-15,,1440.0,Active
CON00909,C0371,Accounting,2018-01-16,,230.0,Active
CON00910,C0371,Payroll,2018-01-16,,400.0,Active
CON00911,C0371,Tax & Legal,2018-01-16,,360.0,Active
CON00912,C0372,Accounting,2018-09-22,,2110.0,Active
CON00913,C0372,HR Services,2018-09-22,,1360.0,Active
CON00914,C0372,Tax & Legal,2018-09-22,,1200.0,Active
CON00915,C0373,Accounting,2020-10-21,,5450.0,Active
CON00916,C0373,Payroll,2020-10-21,,3000.0,Active
CON00917,C0373,Tax & Legal,2020-10-21,,1970.0,Active
CON00918,C0374,Accounting,2018-05-28,,5780.0,Active
CON00919,C0374,Payroll,2018-05-28,,2580.0,Active
CON00920,C0374,HR Services,2018-05-28,,3640.0,Active
CON00921,C0375,Accounting,2020-06-12,2022-06-09,7600.0,Cancelled
CON00922,C0375,Payroll,2020-06-12,2022-06-09,2410.0,Cancelled
CON00923,C0375,Tax & Legal,2020-06-12,2022-06-09,3490.0,Cancelled
CON00924,C0376,Accounting,2021-03-25,,560.0,Active
CON00925,C0376,Payroll,2021-03-25,,310.0,Active
CON00926,C0376,Tax & Legal,2021-03-25,,160.0,Active
CON00927,C0377,Accounting,2019-08-16,2022-02-12,290.0,Cancelled
CON00928,C0377,Tax & Legal,2019-08-16,2022-02-12,300.0,Cancelled
CON00929,C0378,Accounting,2022-06-30,,500.0,Active
CON00930,C0378,Payroll,2022-06-30,,170.0,Active
CON00931,C0378,HR Services,2022-06-30,,340.0,Active
CON00932,C0378,Tax & Legal,2022-06-30,,360.0,Active
CON00933,C0379,Accounting,2018-06-30,,550.0,Active
CON00934,C0379,Payroll,2018-06-30,,200.0,Active
CON00935,C0380,Accounting,2020-06-11,,820.0,Active
CON00936,C0380,Payroll,2020-06-11,,1320.0,Active
CON00937,C0380,Tax & Legal,2020-06-11,,800.0,Active
CON00938,C0381,Accounting,2020-03-21,,460.0,Active
CON00939,C0381,Payroll,2020-03-21,,360.0,Active
CON00940,C0381,Tax & Legal,2020-03-21,,220.0,Active
CON00941,C0382,Accounting,2019-03-30,,500.0,Active
CON00942,C0382,Payroll,2019-03-30,,350.0,Active
CON00943,C0382,Tax & Legal,2019-03-30,,290.0,Active
CON00944,C0383,Accounting,2020-11-11,,1180.0,Active
CON00945,C0383,Payroll,2020-11-11,,1390.0,Active
CON00946,C0384,Accounting,2023-01-30,,2020.0,Active
CON00947,C0384,Payroll,2023-01-30,,1380.0,Active
CON00948,C0384,HR Services,2023-01-30,,780.0,Active
CON00949,C0384,Tax & Legal,2023-01-30,,770.0,Active
CON00950,C0385,Accounting,2019-04-29,2023-06-09,1920.0,Cancelled
CON00951,C0385,Payroll,2019-04-29,2023-06-09,630.0,Cancelled
CON00952,C0385,Tax & Legal,2019-04-29,2023-06-09,500.0,Cancelled
CON00953,C0386,Accounting,2021-05-18,2022-06-04,570.0,Cancelled
CON00954,C0386,Payroll,2021-05-18,2022-06-04,170.0,Cancelled
CON00955,C0386,HR Services,2021-05-18,2022-06-04,220.0,Cancelled
CON00956,C0386,Tax & Legal,2021-05-18,2022-06-04,250.0,Cancelled
CON00957,C0387,Payroll,2020-08-08,,280.0,Active
CON00958,C0389,Accounting,2021-07-25,,6770.0,Active
CON00959,C0389,HR Services,2021-07-25,,1650.0,Active
CON00960,C0390,Accounting,2019-10-10,2022-05-20,290.0,Cancelled
CON00961,C0390,Payroll,2019-10-10,2022-05-20,160.0,Cancelled
CON00962,C0390,HR Services,2019-10-10,2022-05-20,200.0,Cancelled
CON00963,C0390,Tax & Legal,2019-10-10,2022-05-20,400.0,Cancelled
CON00964,C0391,Accounting,2021-07-17,,15710.0,Active
CON00965,C0391,Payroll,2021-07-17,,15790.0,Active
CON00966,C0392,Accounting,2019-12-22,,770.0,Active
CON00967,C0392,Payroll,2019-12-22,,1560.0,Active
CON00968,C0392,Tax & Legal,2019-12-22,,1460.0,Active
CON00969,C0393,Accounting,2020-07-14,2024-01-26,440.0,Cancelled
CON00970,C0393,Payroll,2020-07-14,2024-01-26,380.0,Cancelled
CON00971,C0393,Tax & Legal,2020-07-14,2024-01-26,250.0,Cancelled
CON00972,C0394,Accounting,2018-06-07,,10380.0,Active
CON00973,C0394,Payroll,2018-06-07,,21210.0,Active
CON00974,C0395,Accounting,2021-06-13,,7790.0,Active
CON00975,C0395,Payroll,2021-06-13,,5410.0,Active
CON00976,C0396,Accounting,2021-04-03,,2040.0,Active
CON00977,C0397,Accounting,2020-07-10,,650.0,Active
CON00978,C0397,Payroll,2020-07-10,,490.0,Active
CON00979,C0398,Accounting,2019-10-21,,290.0,Active
CON00980,C0398,Payroll,2019-10-21,,390.0,Active
CON00981,C0398,Tax & Legal,2019-10-21,,360.0,Active
CON00982,C0399,Accounting,2023-05-16,,3100.0,Active
CON00983,C0399,Payroll,2023-05-16,,6070.0,Active
CON00984,C0399,HR Services,2023-05-16,,5690.0,Active
CON00985,C0400,Accounting,2022-01-02,2024-04-22,2300.0,Cancelled
CON00986,C0400,Payroll,2022-01-02,2024-04-22,1730.0,Cancelled
CON00987,C0401,Accounting,2019-05-23,,280.0,Active
CON00988,C0401,Payroll,2019-05-23,,370.0,Active
CON00989,C0401,HR Services,2019-05-23,,260.0,Active
CON00990,C0401,Tax & Legal,2019-05-23,,300.0,Active
CON00991,C0402,Accounting,2020-01-16,,800.0,Active
CON00992,C0403,Accounting,2020-04-17,,2050.0,Active
CON00993,C0403,Payroll,2020-04-17,,460.0,Active
CON00994,C0404,Accounting,2022-06-05,,2470.0,Active
CON00995,C0405,HR Services,2019-11-07,2024-03-02,2500.0,Cancelled
CON00996,C0406,Accounting,2022-01-22,,520.0,Active
CON00997,C0406,Payroll,2022-01-22,,290.0,Active
CON00998,C0406,Tax & Legal,2022-01-22,,320.0,Active
CON00999,C0407,Accounting,2019-11-14,2022-10-17,590.0,Cancelled
CON01000,C0407,Payroll,2019-11-14,2022-10-17,270.0,Cancelled
CON01001,C0407,Tax & Legal,2019-11-14,2022-10-17,200.0,Cancelled
CON01002,C0408,Accounting,2023-06-05,,1220.0,Active
CON01003,C0408,Payroll,2023-06-05,,760.0,Active
CON01004,C0408,Tax & Legal,2023-06-05,,920.0,Active
CON01005,C0409,Accounting,2018-09-22,,1300.0,Active
CON01006,C0409,Payroll,2018-09-22,,690.0,Active
CON01007,C0409,Tax & Legal,2018-09-22,,1340.0,Active
CON01008,C0410,Accounting,2021-02-18,,12420.0,Active
CON01009,C0410,Payroll,2021-02-18,,15640.0,Active
CON01010,C0410,HR Services,2021-02-18,,7200.0,Active
CON01011,C0410,Tax & Legal,2021-02-18,,7360.0,Active
CON01012,C0411,Accounting,2022-07-24,2024-12-21,350.0,Cancelled
CON01013,C0411,Payroll,2022-07-24,2024-12-21,390.0,Cancelled
CON01014,C0411,HR Services,2022-07-24,2024-12-21,440.0,Cancelled
CON01015,C0411,Tax & Legal,2022-07-24,2024-12-21,270.0,Cancelled
CON01016,C0413,Accounting,2018-02-07,,1170.0,Active
CON01017,C0413,Payroll,2018-02-07,,1190.0,Active
CON01018,C0414,Accounting,2019-12-01,,7790.0,Active
CON01019,C0414,Payroll,2019-12-01,,5080.0,Active
CON01020,C0414,Tax & Legal,2019-12-01,,2570.0,Active
CON01021,C0415,Accounting,2019-04-09,,8560.0,Active
CON01022,C0415,Payroll,2019-04-09,,1900.0,Active
CON01023,C0415,HR Services,2019-04-09,,5400.0,Active
CON01024,C0416,Accounting,2019-08-29,,430.0,Active
CON01025,C0416,Payroll,2019-08-29,,190.0,Active
CON01026,C0416,Tax & Legal,2019-08-29,,320.0,Active
CON01027,C0417,Accounting,2021-09-17,,2000.0,Active
CON01028,C0417,Tax & Legal,2021-09-17,,1090.0,Active
CON01029,C0418,Accounting,2021-05-08,,270.0,Active
CON01030,C0419,Accounting,2022-08-30,,2210.0,Active
CON01031,C0419,Payroll,2022-08-30,,630.0,Active
CON01032,C0419,HR Services,2022-08-30,,910.0,Active
CON01033,C0419,Tax & Legal,2022-08-30,,690.0,Active
CON01034,C0420,Accounting,2022-01-16,,310.0,Active
CON01035,C0420,Payroll,2022-01-16,,370.0,Active
CON01036,C0421,Payroll,2021-10-17,,2760.0,Active
CON01037,C0421,HR Services,2021-10-17,,4770.0,Active
CON01038,C0422,Payroll,2019-08-07,,170.0,Active
CON01039,C0422,HR Services,2019-08-07,,230.0,Active
CON01040,C0422,Tax & Legal,2019-08-07,,370.0,Active
CON01041,C0423,Accounting,2019-04-25,,650.0,Active
CON01042,C0423,Payroll,2019-04-25,,1470.0,Active
CON01043,C0423,HR Services,2019-04-25,,840.0,Active
CON01044,C0423,Tax & Legal,2019-04-25,,1120.0,Active
CON01045,C0424,Accounting,2023-01-26,,1190.0,Active
CON01046,C0424,Payroll,2023-01-26,,800.0,Active
CON01047,C0424,Tax & Legal,2023-01-26,,1320.0,Active
CON01048,C0425,Accounting,2020-06-21,,470.0,Active
CON01049,C0426,Payroll,2020-10-26,,220.0,Active
CON01050,C0427,Accounting,2022-06-29,,940.0,Active
CON01051,C0427,Payroll,2022-06-29,,1280.0,Active
CON01052,C0428,Accounting,2018-04-17,,1820.0,Active
CON01053,C0428,Payroll,2018-04-17,,890.0,Active
CON01054,C0429,Accounting,2021-02-09,,1290.0,Active
CON01055,C0429,Payroll,2021-02-09,,830.0,Active
CON01056,C0429,HR Services,2021-02-09,,1560.0,Active
CON01057,C0430,Accounting,2022-10-10,2023-07-02,390.0,Cancelled
CON01058,C0430,Payroll,2022-10-10,2023-07-02,380.0,Cancelled
CON01059,C0431,Accounting,2019-07-13,,370.0,Active
CON01060,C0431,Payroll,2019-07-13,,210.0,Active
CON01061,C0431,HR Services,2019-07-13,,310.0,Active
CON01062,C0431,Tax & Legal,2019-07-13,,290.0,Active
CON01063,C0432,Accounting,2022-08-29,,3560.0,Active
CON01064,C0432,Payroll,2022-08-29,,3830.0,Active
CON01065,C0432,Tax & Legal,2022-08-29,,2800.0,Active
CON01066,C0433,Accounting,2022-12-17,,510.0,Active
CON01067,C0434,Accounting,2018-04-20,,500.0,Active
CON01068,C0435,Accounting,2020-03-01,,1150.0,Active
CON01069,C0435,Payroll,2020-03-01,,1260.0,Active
CON01070,C0435,HR Services,2020-03-01,,1310.0,Active
CON01071,C0435,Tax & Legal,2020-03-01,,420.0,Active
CON01072,C0436,Accounting,2018-02-27,,1620.0,Active
CON01073,C0436,Payroll,2018-02-27,,540.0,Active
CON01074,C0436,HR Services,2018-02-27,,1430.0,Active
CON01075,C0437,Accounting,2022-06-09,2023-01-14,3480.0,Cancelled
CON01076,C0437,Payroll,2022-06-09,2023-01-14,3580.0,Cancelled
CON01077,C0437,HR Services,2022-06-09,2023-01-14,5100.0,Cancelled
CON01078,C0438,Accounting,2021-11-26,,2100.0,Active
CON01079,C0438,Payroll,2021-11-26,,1580.0,Active
CON01080,C0438,Tax & Legal,2021-11-26,,1250.0,Active
CON01081,C0439,Accounting,2020-07-07,,1490.0,Active
CON01082,C0439,Payroll,2020-07-07,,1580.0,Active
CON01083,C0440,Accounting,2019-06-09,2022-11-03,510.0,Cancelled
CON01084,C0440,Payroll,2019-06-09,2022-11-03,340.0,Cancelled
CON01085,C0441,Accounting,2018-08-16,,380.0,Active
CON01086,C0441,Payroll,2018-08-16,,280.0,Active
CON01087,C0442,Accounting,2018-09-07,2024-05-09,14930.0,Cancelled
CON01088,C0442,Payroll,2018-09-07,2024-05-09,16440.0,Cancelled
CON01089,C0442,HR Services,2018-09-07,2024-05-09,17250.0,Cancelled
CON01090,C0443,Accounting,2020-07-25,2024-10-20,6650.0,Cancelled
CON01091,C0443,Payroll,2020-07-25,2024-10-20,6420.0,Cancelled
CON01092,C0443,Tax & Legal,2020-07-25,2024-10-20,1630.0,Cancelled
CON01093,C0444,Accounting,2018-02-03,,1220.0,Active
CON01094,C0444,Payroll,2018-02-03,,790.0,Active
CON01095,C0444,HR Services,2018-02-03,,1530.0,Active
CON01096,C0444,Tax & Legal,2018-02-03,,450.0,Active
CON01097,C0445,Accounting,2022-01-11,2023-09-22,18030.0,Cancelled
CON01098,C0445,Payroll,2022-01-11,2023-09-22,12570.0,Cancelled
CON01099,C0445,HR Services,2022-01-11,2023-09-22,7890.0,Cancelled
CON01100,C0445,Tax & Legal,2022-01-11,2023-09-22,11190.0,Cancelled
CON01101,C0446,Tax & Legal,2019-12-24,,310.0,Active
CON01102,C0447,Accounting,2021-09-22,,520.0,Active
CON01103,C0447,Payroll,2021-09-22,,210.0,Active
CON01104,C0448,Accounting,2018-05-19,,7740.0,Active
CON01105,C0448,Payroll,2018-05-19,,2800.0,Active
CON01106,C0448,Tax & Legal,2018-05-19,,1710.0,Active
CON01107,C0449,Accounting,2022-05-30,,1520.0,Active
CON01108,C0449,Payroll,2022-05-30,,810.0,Active
CON01109,C0449,Tax & Legal,2022-05-30,,610.0,Active
CON01110,C0450,Accounting,2020-03-10,,22920.0,Active
CON01111,C0450,Payroll,2020-03-10,,19470.0,Active
CON01112,C0451,Accounting,2020-02-04,,890.0,Active
CON01113,C0451,Payroll,2020-02-04,,770.0,Active
CON01114,C0451,Tax & Legal,2020-02-04,,1100.0,Active
CON01115,C0452,Accounting,2022-06-03,2023-08-03,950.0,Cancelled
CON01116,C0452,Payroll,2022-06-03,2023-08-03,1600.0,Cancelled
CON01117,C0452,Tax & Legal,2022-06-03,2023-08-03,1190.0,Cancelled
CON01118,C0453,Accounting,2022-04-30,,1620.0,Active
CON01119,C0453,Payroll,2022-04-30,,1130.0,Active
CON01120,C0454,Accounting,2018-10-01,2023-11-25,4600.0,Cancelled
CON01121,C0454,Payroll,2018-10-01,2023-11-25,2370.0,Cancelled
CON01122,C0454,Tax & Legal,2018-10-01,2023-11-25,4370.0,Cancelled
CON01123,C0455,Accounting,2022-08-28,,2260.0,Active
CON01124,C0455,Payroll,2022-08-28,,1080.0,Active
CON01125,C0455,HR Services,2022-08-28,,1240.0,Active
CON01126,C0456,Accounting,2021-07-17,2022-10-16,1600.0,Cancelled
CON01127,C0456,Payroll,2021-07-17,2022-10-16,760.0,Cancelled
CON01128,C0457,Accounting,2022-05-09,,570.0,Active
CON01129,C0457,Payroll,2022-05-09,,270.0,Active
CON01130,C0457,Tax & Legal,2022-05-09,,350.0,Active
CON01131,C0458,Accounting,2019-02-17,2023-02-13,6130.0,Cancelled
CON01132,C0458,Tax & Legal,2019-02-17,2023-02-13,3890.0,Cancelled
CON01133,C0459,Accounting,2023-03-27,,4230.0,Active
CON01134,C0459,Payroll,2023-03-27,,2170.0,Active
CON01135,C0459,HR Services,2023-03-27,,5750.0,Active
CON01136,C0460,Accounting,2020-08-27,,490.0,Active
CON01137,C0460,Payroll,2020-08-27,,200.0,Active
CON01138,C0460,Tax & Legal,2020-08-27,,310.0,Active
CON01139,C0461,Accounting,2019-08-09,,500.0,Active
CON01140,C0461,Payroll,2019-08-09,,180.0,Active
CON01141,C0461,Tax & Legal,2019-08-09,,260.0,Active
CON01142,C0462,Accounting,2022-11-09,,2280.0,Active
CON01143,C0462,Payroll,2022-11-09,,650.0,Active
CON01144,C0462,Tax & Legal,2022-11-09,,570.0,Active
CON01145,C0463,Payroll,2022-06-26,,240.0,Active
CON01146,C0463,HR Services,2022-06-26,,500.0,Active
CON01147,C0463,Tax & Legal,2022-06-26,,240.0,Active
CON01148,C0464,Accounting,2023-01-07,,370.0,Active
CON01149,C0464,Payroll,2023-01-07,,300.0,Active
CON01150,C0464,Tax & Legal,2023-01-07,,340.0,Active
CON01151,C0465,Payroll,2020-10-13,,1750.0,Active
CON01152,C0465,Tax & Legal,2020-10-13,,1200.0,Active
CON01153,C0466,Payroll,2019-07-01,,1120.0,Active
CON01154,C0466,Tax & Legal,2019-07-01,,730.0,Active
CON01155,C0467,Accounting,2018-06-11,,2230.0,Active
CON01156,C0467,Payroll,2018-06-11,,1550.0,Active
CON01157,C0467,Tax & Legal,2018-06-11,,1010.0,Active
CON01158,C0468,Accounting,2021-01-22,,570.0,Active
CON01159,C0468,Payroll,2021-01-22,,160.0,Active
CON01160,C0468,Tax & Legal,2021-01-22,,240.0,Active
CON01161,C0469,Accounting,2019-11-03,,1040.0,Active
CON01162,C0469,HR Services,2019-11-03,,1020.0,Active
CON01163,C0470,Accounting,2021-05-19,,1970.0,Active
CON01164,C0470,HR Services,2021-05-19,,1570.0,Active
CON01165,C0471,Accounting,2019-12-21,,560.0,Active
CON01166,C0471,Payroll,2019-12-21,,230.0,Active
CON01167,C0472,Accounting,2021-06-13,,710.0,Active
CON01168,C0472,Payroll,2021-06-13,,890.0,Active
CON01169,C0472,Tax & Legal,2021-06-13,,1350.0,Active
CON01170,C0473,Accounting,2022-06-09,,290.0,Active
CON01171,C0473,Payroll,2022-06-09,,300.0,Active
CON01172,C0473,HR Services,2022-06-09,,430.0,Active
CON01173,C0473,Tax & Legal,2022-06-09,,230.0,Active
CON01174,C0474,Accounting,2021-07-29,,420.0,Active
CON01175,C0474,Payroll,2021-07-29,,280.0,Active
CON01176,C0474,HR Services,2021-07-29,,220.0,Active
CON01177,C0475,Accounting,2023-05-06,,380.0,Active
CON01178,C0475,Payroll,2023-05-06,,280.0,Active
CON01179,C0475,HR Services,2023-05-06,,290.0,Active
CON01180,C0475,Tax & Legal,2023-05-06,,180.0,Active
CON01181,C0476,Accounting,2021-10-20,,430.0,Active
CON01182,C0476,Payroll,2021-10-20,,250.0,Active
CON01183,C0476,HR Services,2021-10-20,,350.0,Active
CON01184,C0477,Accounting,2018-05-18,,3380.0,Active
CON01185,C0477,Payroll,2018-05-18,,4340.0,Active
CON01186,C0477,Tax & Legal,2018-05-18,,3540.0,Active
CON01187,C0478,Accounting,2020-01-12,,1070.0,Active
CON01188,C0478,Payroll,2020-01-12,,1490.0,Active
CON01189,C0479,Accounting,2021-05-24,2024-07-10,470.0,Cancelled
CON01190,C0479,Payroll,2021-05-24,2024-07-10,240.0,Cancelled
CON01191,C0480,Accounting,2020-06-28,,320.0,Active
CON01192,C0481,Accounting,2020-12-20,,260.0,Active
CON01193,C0481,Payroll,2020-12-20,,350.0,Active
CON01194,C0481,HR Services,2020-12-20,,310.0,Active
CON01195,C0482,Accounting,2019-05-27,,3230.0,Active
CON01196,C0482,Payroll,2019-05-27,,6730.0,Active
CON01197,C0483,Accounting,2020-10-19,,2590.0,Active
CON01198,C0483,Payroll,2020-10-19,,2380.0,Active
CON01199,C0483,Tax & Legal,2020-10-19,,1990.0,Active
CON01200,C0484,Accounting,2019-06-21,,990.0,Active
CON01201,C0484,Payroll,2019-06-21,,760.0,Active
CON01202,C0485,Accounting,2019-03-16,,1930.0,Active
CON01203,C0485,Payroll,2019-03-16,,1220.0,Active
CON01204,C0485,Tax & Legal,2019-03-16,,590.0,Active
CON01205,C0486,Accounting,2019-02-14,2022-06-01,2100.0,Cancelled
CON01206,C0486,Payroll,2019-02-14,2022-06-01,470.0,Cancelled
CON01207,C0486,Tax & Legal,2019-02-14,2022-06-01,830.0,Cancelled
CON01208,C0487,Accounting,2023-01-15,,2220.0,Active
CON01209,C0487,Payroll,2023-01-15,,1610.0,Active
CON01210,C0487,HR Services,2023-01-15,,1630.0,Active
CON01211,C0488,Accounting,2021-09-29,,350.0,Active
CON01212,C0488,HR Services,2021-09-29,,290.0,Active
CON01213,C0489,Accounting,2022-12-31,,270.0,Active
CON01214,C0489,Payroll,2022-12-31,,260.0,Active
CON01215,C0489,Tax & Legal,2022-12-31,,210.0,Active
CON01216,C0490,Accounting,2022-06-14,,4670.0,Active
CON01217,C0490,Payroll,2022-06-14,,2620.0,Active
CON01218,C0490,Tax & Legal,2022-06-14,,3580.0,Active
CON01219,C0491,Accounting,2019-02-16,,2460.0,Active
CON01220,C0491,Payroll,2019-02-16,,1540.0,Active
CON01221,C0492,Accounting,2018-02-23,,530.0,Active
CON01222,C0492,Payroll,2018-02-23,,290.0,Active
CON01223,C0492,HR Services,2018-02-23,,250.0,Active
CON01224,C0493,Accounting,2020-08-15,,3070.0,Active
CON01225,C0493,Payroll,2020-08-15,,6800.0,Active
CON01226,C0494,Accounting,2021-06-07,,4060.0,Active
CON01227,C0494,Payroll,2021-06-07,,6850.0,Active
CON01228,C0494,Tax & Legal,2021-06-07,,3260.0,Active
CON01229,C0495,Accounting,2020-03-26,,260.0,Active
CON01230,C0495,Payroll,2020-03-26,,350.0,Active
CON01231,C0495,Tax & Legal,2020-03-26,,330.0,Active
CON01232,C0496,Accounting,2020-12-12,,250.0,Active
CON01233,C0496,Tax & Legal,2020-12-12,,380.0,Active
CON01234,C0497,Accounting,2018-06-01,2023-10-12,1200.0,Cancelled
CON01235,C0497,Payroll,2018-06-01,2023-10-12,1730.0,Cancelled
CON01236,C0497,HR Services,2018-06-01,2023-10-12,910.0,Cancelled
CON01237,C0498,Accounting,2020-07-10,,510.0,Active
CON01238,C0498,Tax & Legal,2020-07-10,,260.0,Active
CON01239,C0499,Tax & Legal,2018-09-20,,1260.0,Active
CON01240,C0500,Accounting,2022-04-22,,270.0,Active
CON01241,C0500,Payroll,2022-04-22,,300.0,Active
CON01242,C0500,HR Services,2022-04-22,,370.0,Active
CON01243,C0500,Tax & Legal,2022-04-22,,210.0,Active
