month,year,month_num,service_line,region,revenue_eur,active_contracts
2022-01,2022,1,Accounting,Helsinki,345866.0,122
2022-01,2022,1,Accounting,Espoo/Vantaa,197630.0,62
2022-01,2022,1,Accounting,Tampere,147684.0,51
2022-01,2022,1,Accounting,Turku,85021.0,32
2022-01,2022,1,Accounting,Oulu,83013.0,29
2022-01,2022,1,Accounting,Other,124638.0,37
2022-01,2022,1,Payroll,Helsinki,259231.0,107
2022-01,2022,1,Payroll,Espoo/Vantaa,137827.0,51
2022-01,2022,1,Payroll,Tampere,64364.0,41
2022-01,2022,1,Payroll,Turku,49515.0,25
2022-01,2022,1,Payroll,Oulu,48290.0,24
2022-01,2022,1,Payroll,Other,65010.0,34
2022-01,2022,1,HR Services,Helsinki,85679.0,41
2022-01,2022,1,HR Services,Espoo/Vantaa,45709.0,18
2022-01,2022,1,HR Services,Tampere,32682.0,18
2022-01,2022,1,HR Services,Turku,27454.0,11
2022-01,2022,1,HR Services,Oulu,22528.0,9
2022-01,2022,1,HR Services,Other,25310.0,11
2022-01,2022,1,Tax & Legal,Helsinki,70284.0,53
2022-01,2022,1,Tax & Legal,Espoo/Vantaa,83146.0,30
2022-01,2022,1,Tax & Legal,Tampere,36228.0,27
2022-01,2022,1,Tax & Legal,Turku,17638.0,17
2022-01,2022,1,Tax & Legal,Oulu,23143.0,12
2022-01,2022,1,Tax & Legal,Other,32140.0,18
2022-02,2022,2,Accounting,Helsinki,322147.0,123
2022-02,2022,2,Accounting,Espoo/Vantaa,180546.0,62
2022-02,2022,2,Accounting,Tampere,139456.0,52
2022-02,2022,2,Accounting,Turku,78561.0,32
2022-02,2022,2,Accounting,Oulu,81292.0,30
2022-02,2022,2,Accounting,Other,135658.0,39
2022-02,2022,2,Payroll,Helsinki,257402.0,108
2022-02,2022,2,Payroll,Espoo/Vantaa,138461.0,51
2022-02,2022,2,Payroll,Tampere,65164.0,42
2022-02,2022,2,Payroll,Turku,48075.0,25
2022-02,2022,2,Payroll,Oulu,47562.0,25
2022-02,2022,2,Payroll,Other,74999.0,35
2022-02,2022,2,HR Services,Helsinki,81804.0,41
2022-02,2022,2,HR Services,Espoo/Vantaa,47582.0,18
2022-02,2022,2,HR Services,Tampere,32654.0,18
2022-02,2022,2,HR Services,Turku,28333.0,11
2022-02,2022,2,HR Services,Oulu,23997.0,10
2022-02,2022,2,HR Services,Other,33315.0,13
2022-02,2022,2,Tax & Legal,Helsinki,73422.0,54
2022-02,2022,2,Tax & Legal,Espoo/Vantaa,79885.0,30
2022-02,2022,2,Tax & Legal,Tampere,38331.0,27
2022-02,2022,2,Tax & Legal,Turku,17173.0,17
2022-02,2022,2,Tax & Legal,Oulu,23780.0,12
2022-02,2022,2,Tax & Legal,Other,46720.0,19
2022-03,2022,3,Accounting,Helsinki,339168.0,125
2022-03,2022,3,Accounting,Espoo/Vantaa,199458.0,62
2022-03,2022,3,Accounting,Tampere,156715.0,52
2022-03,2022,3,Accounting,Turku,86047.0,31
2022-03,2022,3,Accounting,Oulu,87879.0,30
2022-03,2022,3,Accounting,Other,149537.0,39
2022-03,2022,3,Payroll,Helsinki,256732.0,110
2022-03,2022,3,Payroll,Espoo/Vantaa,135174.0,51
2022-03,2022,3,Payroll,Tampere,64758.0,42
2022-03,2022,3,Payroll,Turku,48480.0,25
2022-03,2022,3,Payroll,Oulu,48785.0,25
2022-03,2022,3,Payroll,Other,78582.0,35
2022-03,2022,3,HR Services,Helsinki,82667.0,41
2022-03,2022,3,HR Services,Espoo/Vantaa,46327.0,18
2022-03,2022,3,HR Services,Tampere,33850.0,18
2022-03,2022,3,HR Services,Turku,27908.0,11
2022-03,2022,3,HR Services,Oulu,24159.0,10
2022-03,2022,3,HR Services,Other,33964.0,13
2022-03,2022,3,Tax & Legal,Helsinki,74675.0,56
2022-03,2022,3,Tax & Legal,Espoo/Vantaa,79102.0,30
2022-03,2022,3,Tax & Legal,Tampere,37573.0,27
2022-03,2022,3,Tax & Legal,Turku,16775.0,16
2022-03,2022,3,Tax & Legal,Oulu,23472.0,12
2022-03,2022,3,Tax & Legal,Other,45652.0,19
2022-04,2022,4,Accounting,Helsinki,330867.0,126
2022-04,2022,4,Accounting,Espoo/Vantaa,189855.0,63
2022-04,2022,4,Accounting,Tampere,141975.0,54
2022-04,2022,4,Accounting,Turku,78508.0,32
2022-04,2022,4,Accounting,Oulu,77558.0,30
2022-04,2022,4,Accounting,Other,137310.0,40
2022-04,2022,4,Payroll,Helsinki,261570.0,110
2022-04,2022,4,Payroll,Espoo/Vantaa,144083.0,52
2022-04,2022,4,Payroll,Tampere,63738.0,43
2022-04,2022,4,Payroll,Turku,49563.0,26
2022-04,2022,4,Payroll,Oulu,48081.0,25
2022-04,2022,4,Payroll,Other,77685.0,35
2022-04,2022,4,HR Services,Helsinki,85841.0,41
2022-04,2022,4,HR Services,Espoo/Vantaa,50494.0,19
2022-04,2022,4,HR Services,Tampere,35187.0,19
2022-04,2022,4,HR Services,Turku,28128.0,11
2022-04,2022,4,HR Services,Oulu,23598.0,10
2022-04,2022,4,HR Services,Other,34565.0,13
2022-04,2022,4,Tax & Legal,Helsinki,75131.0,57
2022-04,2022,4,Tax & Legal,Espoo/Vantaa,83459.0,30
2022-04,2022,4,Tax & Legal,Tampere,36464.0,27
2022-04,2022,4,Tax & Legal,Turku,16424.0,16
2022-04,2022,4,Tax & Legal,Oulu,23665.0,12
2022-04,2022,4,Tax & Legal,Other,46468.0,18
2022-05,2022,5,Accounting,Helsinki,330549.0,129
2022-05,2022,5,Accounting,Espoo/Vantaa,184104.0,66
2022-05,2022,5,Accounting,Tampere,155866.0,56
2022-05,2022,5,Accounting,Turku,82363.0,32
2022-05,2022,5,Accounting,Oulu,78099.0,30
2022-05,2022,5,Accounting,Other,134707.0,40
2022-05,2022,5,Payroll,Helsinki,259818.0,112
2022-05,2022,5,Payroll,Espoo/Vantaa,144591.0,54
2022-05,2022,5,Payroll,Tampere,73111.0,45
2022-05,2022,5,Payroll,Turku,49947.0,26
2022-05,2022,5,Payroll,Oulu,46862.0,26
2022-05,2022,5,Payroll,Other,79100.0,35
2022-05,2022,5,HR Services,Helsinki,87883.0,42
2022-05,2022,5,HR Services,Espoo/Vantaa,51744.0,19
2022-05,2022,5,HR Services,Tampere,35798.0,20
2022-05,2022,5,HR Services,Turku,28546.0,11
2022-05,2022,5,HR Services,Oulu,24118.0,11
2022-05,2022,5,HR Services,Other,33760.0,13
2022-05,2022,5,Tax & Legal,Helsinki,61121.0,57
2022-05,2022,5,Tax & Legal,Espoo/Vantaa,67126.0,30
2022-05,2022,5,Tax & Legal,Tampere,31476.0,27
2022-05,2022,5,Tax & Legal,Turku,13924.0,16
2022-05,2022,5,Tax & Legal,Oulu,19417.0,13
2022-05,2022,5,Tax & Legal,Other,38435.0,18
2022-06,2022,6,Accounting,Helsinki,368546.0,129
2022-06,2022,6,Accounting,Espoo/Vantaa,199784.0,68
2022-06,2022,6,Accounting,Tampere,173272.0,56
2022-06,2022,6,Accounting,Turku,89283.0,32
2022-06,2022,6,Accounting,Oulu,84738.0,31
2022-06,2022,6,Accounting,Other,158342.0,43
2022-06,2022,6,Payroll,Helsinki,288387.0,112
2022-06,2022,6,Payroll,Espoo/Vantaa,161188.0,55
2022-06,2022,6,Payroll,Tampere,80300.0,44
2022-06,2022,6,Payroll,Turku,54716.0,26
2022-06,2022,6,Payroll,Oulu,53734.0,26
2022-06,2022,6,Payroll,Other,90890.0,37
2022-06,2022,6,HR Services,Helsinki,89992.0,41
2022-06,2022,6,HR Services,Espoo/Vantaa,52535.0,19
2022-06,2022,6,HR Services,Tampere,35538.0,19
2022-06,2022,6,HR Services,Turku,27840.0,11
2022-06,2022,6,HR Services,Oulu,23925.0,11
2022-06,2022,6,HR Services,Other,38578.0,13
2022-06,2022,6,Tax & Legal,Helsinki,63884.0,57
2022-06,2022,6,Tax & Legal,Espoo/Vantaa,69137.0,31
2022-06,2022,6,Tax & Legal,Tampere,30643.0,27
2022-06,2022,6,Tax & Legal,Turku,14073.0,16
2022-06,2022,6,Tax & Legal,Oulu,19695.0,14
2022-06,2022,6,Tax & Legal,Other,41344.0,20
2022-07,2022,7,Accounting,Helsinki,332106.0,132
2022-07,2022,7,Accounting,Espoo/Vantaa,200291.0,69
2022-07,2022,7,Accounting,Tampere,148908.0,56
2022-07,2022,7,Accounting,Turku,87152.0,34
2022-07,2022,7,Accounting,Oulu,82340.0,32
2022-07,2022,7,Accounting,Other,149155.0,43
2022-07,2022,7,Payroll,Helsinki,257596.0,115
2022-07,2022,7,Payroll,Espoo/Vantaa,148465.0,55
2022-07,2022,7,Payroll,Tampere,72869.0,44
2022-07,2022,7,Payroll,Turku,52297.0,28
2022-07,2022,7,Payroll,Oulu,48480.0,27
2022-07,2022,7,Payroll,Other,90574.0,38
2022-07,2022,7,HR Services,Helsinki,94855.0,43
2022-07,2022,7,HR Services,Espoo/Vantaa,51443.0,20
2022-07,2022,7,HR Services,Tampere,34436.0,19
2022-07,2022,7,HR Services,Turku,28200.0,11
2022-07,2022,7,HR Services,Oulu,24215.0,11
2022-07,2022,7,HR Services,Other,43271.0,14
2022-07,2022,7,Tax & Legal,Helsinki,64637.0,59
2022-07,2022,7,Tax & Legal,Espoo/Vantaa,70117.0,32
2022-07,2022,7,Tax & Legal,Tampere,27025.0,25
2022-07,2022,7,Tax & Legal,Turku,18002.0,18
2022-07,2022,7,Tax & Legal,Oulu,20495.0,15
2022-07,2022,7,Tax & Legal,Other,45270.0,21
2022-08,2022,8,Accounting,Helsinki,325237.0,133
2022-08,2022,8,Accounting,Espoo/Vantaa,201027.0,69
2022-08,2022,8,Accounting,Tampere,151219.0,56
2022-08,2022,8,Accounting,Turku,87419.0,34
2022-08,2022,8,Accounting,Oulu,82758.0,32
2022-08,2022,8,Accounting,Other,150014.0,43
2022-08,2022,8,Payroll,Helsinki,267048.0,116
2022-08,2022,8,Payroll,Espoo/Vantaa,148479.0,55
2022-08,2022,8,Payroll,Tampere,72061.0,44
2022-08,2022,8,Payroll,Turku,52433.0,28
2022-08,2022,8,Payroll,Oulu,48736.0,27
2022-08,2022,8,Payroll,Other,89292.0,38
2022-08,2022,8,HR Services,Helsinki,95807.0,45
2022-08,2022,8,HR Services,Espoo/Vantaa,53535.0,20
2022-08,2022,8,HR Services,Tampere,34943.0,19
2022-08,2022,8,HR Services,Turku,28837.0,11
2022-08,2022,8,HR Services,Oulu,23539.0,11
2022-08,2022,8,HR Services,Other,44169.0,14
2022-08,2022,8,Tax & Legal,Helsinki,61881.0,59
2022-08,2022,8,Tax & Legal,Espoo/Vantaa,70076.0,32
2022-08,2022,8,Tax & Legal,Tampere,26417.0,25
2022-08,2022,8,Tax & Legal,Turku,17910.0,18
2022-08,2022,8,Tax & Legal,Oulu,20453.0,15
2022-08,2022,8,Tax & Legal,Other,44137.0,21
2022-09,2022,9,Accounting,Helsinki,363905.0,136
2022-09,2022,9,Accounting,Espoo/Vantaa,208531.0,69
2022-09,2022,9,Accounting,Tampere,163187.0,56
2022-09,2022,9,Accounting,Turku,92662.0,36
2022-09,2022,9,Accounting,Oulu,104665.0,33
2022-09,2022,9,Accounting,Other,155612.0,43
2022-09,2022,9,Payroll,Helsinki,275180.0,119
2022-09,2022,9,Payroll,Espoo/Vantaa,150686.0,55
2022-09,2022,9,Payroll,Tampere,75986.0,44
2022-09,2022,9,Payroll,Turku,53851.0,30
2022-09,2022,9,Payroll,Oulu,60647.0,28
2022-09,2022,9,Payroll,Other,88293.0,38
2022-09,2022,9,HR Services,Helsinki,96628.0,46
2022-09,2022,9,HR Services,Espoo/Vantaa,50818.0,20
2022-09,2022,9,HR Services,Tampere,34943.0,19
2022-09,2022,9,HR Services,Turku,29027.0,12
2022-09,2022,9,HR Services,Oulu,41707.0,12
2022-09,2022,9,HR Services,Other,43620.0,14
2022-09,2022,9,Tax & Legal,Helsinki,63330.0,63
2022-09,2022,9,Tax & Legal,Espoo/Vantaa,68284.0,32
2022-09,2022,9,Tax & Legal,Tampere,26692.0,25
2022-09,2022,9,Tax & Legal,Turku,17587.0,18
2022-09,2022,9,Tax & Legal,Oulu,20307.0,15
2022-09,2022,9,Tax & Legal,Other,45440.0,21
2022-10,2022,10,Accounting,Helsinki,328740.0,137
2022-10,2022,10,Accounting,Espoo/Vantaa,197717.0,69
2022-10,2022,10,Accounting,Tampere,156730.0,56
2022-10,2022,10,Accounting,Turku,86702.0,36
2022-10,2022,10,Accounting,Oulu,97609.0,33
2022-10,2022,10,Accounting,Other,143964.0,43
2022-10,2022,10,Payroll,Helsinki,263216.0,119
2022-10,2022,10,Payroll,Espoo/Vantaa,145092.0,55
2022-10,2022,10,Payroll,Tampere,74772.0,44
2022-10,2022,10,Payroll,Turku,52650.0,30
2022-10,2022,10,Payroll,Oulu,61375.0,28
2022-10,2022,10,Payroll,Other,90890.0,38
2022-10,2022,10,HR Services,Helsinki,97819.0,46
2022-10,2022,10,HR Services,Espoo/Vantaa,52410.0,20
2022-10,2022,10,HR Services,Tampere,34247.0,19
2022-10,2022,10,HR Services,Turku,29750.0,12
2022-10,2022,10,HR Services,Oulu,41477.0,12
2022-10,2022,10,HR Services,Other,43038.0,14
2022-10,2022,10,Tax & Legal,Helsinki,61946.0,62
2022-10,2022,10,Tax & Legal,Espoo/Vantaa,72084.0,33
2022-10,2022,10,Tax & Legal,Tampere,26171.0,25
2022-10,2022,10,Tax & Legal,Turku,17307.0,18
2022-10,2022,10,Tax & Legal,Oulu,20694.0,15
2022-10,2022,10,Tax & Legal,Other,43903.0,21
2022-11,2022,11,Accounting,Helsinki,352779.0,141
2022-11,2022,11,Accounting,Espoo/Vantaa,200522.0,70
2022-11,2022,11,Accounting,Tampere,156478.0,57
2022-11,2022,11,Accounting,Turku,86069.0,37
2022-11,2022,11,Accounting,Oulu,110223.0,34
2022-11,2022,11,Accounting,Other,149762.0,43
2022-11,2022,11,Payroll,Helsinki,262648.0,123
2022-11,2022,11,Payroll,Espoo/Vantaa,147996.0,56
2022-11,2022,11,Payroll,Tampere,75074.0,44
2022-11,2022,11,Payroll,Turku,53108.0,31
2022-11,2022,11,Payroll,Oulu,82745.0,29
2022-11,2022,11,Payroll,Other,86781.0,37
2022-11,2022,11,HR Services,Helsinki,98975.0,47
2022-11,2022,11,HR Services,Espoo/Vantaa,52207.0,21
2022-11,2022,11,HR Services,Tampere,35639.0,19
2022-11,2022,11,HR Services,Turku,30482.0,13
2022-11,2022,11,HR Services,Oulu,42552.0,12
2022-11,2022,11,HR Services,Other,43198.0,14
2022-11,2022,11,Tax & Legal,Helsinki,64962.0,64
2022-11,2022,11,Tax & Legal,Espoo/Vantaa,71445.0,34
2022-11,2022,11,Tax & Legal,Tampere,27365.0,26
2022-11,2022,11,Tax & Legal,Turku,18239.0,19
2022-11,2022,11,Tax & Legal,Oulu,20357.0,15
2022-11,2022,11,Tax & Legal,Other,48356.0,21
2022-12,2022,12,Accounting,Helsinki,386536.0,145
2022-12,2022,12,Accounting,Espoo/Vantaa,212798.0,72
2022-12,2022,12,Accounting,Tampere,169193.0,58
2022-12,2022,12,Accounting,Turku,96219.0,38
2022-12,2022,12,Accounting,Oulu,118751.0,34
2022-12,2022,12,Accounting,Other,166748.0,46
2022-12,2022,12,Payroll,Helsinki,331103.0,126
2022-12,2022,12,Payroll,Espoo/Vantaa,181647.0,58
2022-12,2022,12,Payroll,Tampere,89483.0,45
2022-12,2022,12,Payroll,Turku,66140.0,32
2022-12,2022,12,Payroll,Oulu,99110.0,29
2022-12,2022,12,Payroll,Other,107591.0,40
2022-12,2022,12,HR Services,Helsinki,103111.0,47
2022-12,2022,12,HR Services,Espoo/Vantaa,52831.0,21
2022-12,2022,12,HR Services,Tampere,34140.0,19
2022-12,2022,12,HR Services,Turku,31052.0,14
2022-12,2022,12,HR Services,Oulu,40263.0,12
2022-12,2022,12,HR Services,Other,46208.0,16
2022-12,2022,12,Tax & Legal,Helsinki,75844.0,69
2022-12,2022,12,Tax & Legal,Espoo/Vantaa,72663.0,35
2022-12,2022,12,Tax & Legal,Tampere,27702.0,26
2022-12,2022,12,Tax & Legal,Turku,18509.0,20
2022-12,2022,12,Tax & Legal,Oulu,21031.0,15
2022-12,2022,12,Tax & Legal,Other,49395.0,22
2023-01,2023,1,Accounting,Helsinki,408292.0,146
2023-01,2023,1,Accounting,Espoo/Vantaa,225821.0,72
2023-01,2023,1,Accounting,Tampere,152907.0,58
2023-01,2023,1,Accounting,Turku,103594.0,38
2023-01,2023,1,Accounting,Oulu,127521.0,35
2023-01,2023,1,Accounting,Other,181018.0,49
2023-01,2023,1,Payroll,Helsinki,290133.0,127
2023-01,2023,1,Payroll,Espoo/Vantaa,150346.0,58
2023-01,2023,1,Payroll,Tampere,79555.0,45
2023-01,2023,1,Payroll,Turku,56349.0,32
2023-01,2023,1,Payroll,Oulu,85531.0,30
2023-01,2023,1,Payroll,Other,95139.0,41
2023-01,2023,1,HR Services,Helsinki,111528.0,48
2023-01,2023,1,HR Services,Espoo/Vantaa,52121.0,20
2023-01,2023,1,HR Services,Tampere,19963.0,18
2023-01,2023,1,HR Services,Turku,31862.0,14
2023-01,2023,1,HR Services,Oulu,43499.0,12
2023-01,2023,1,HR Services,Other,49003.0,17
2023-01,2023,1,Tax & Legal,Helsinki,99640.0,70
2023-01,2023,1,Tax & Legal,Espoo/Vantaa,91631.0,36
2023-01,2023,1,Tax & Legal,Tampere,34792.0,26
2023-01,2023,1,Tax & Legal,Turku,22818.0,20
2023-01,2023,1,Tax & Legal,Oulu,27497.0,16
2023-01,2023,1,Tax & Legal,Other,65134.0,24
2023-02,2023,2,Accounting,Helsinki,394739.0,147
2023-02,2023,2,Accounting,Espoo/Vantaa,207955.0,73
2023-02,2023,2,Accounting,Tampere,140990.0,58
2023-02,2023,2,Accounting,Turku,97784.0,39
2023-02,2023,2,Accounting,Oulu,120875.0,39
2023-02,2023,2,Accounting,Other,168839.0,50
2023-02,2023,2,Payroll,Helsinki,322920.0,129
2023-02,2023,2,Payroll,Espoo/Vantaa,161052.0,60
2023-02,2023,2,Payroll,Tampere,77149.0,45
2023-02,2023,2,Payroll,Turku,56520.0,32
2023-02,2023,2,Payroll,Oulu,91426.0,34
2023-02,2023,2,Payroll,Other,99924.0,42
2023-02,2023,2,HR Services,Helsinki,104039.0,47
2023-02,2023,2,HR Services,Espoo/Vantaa,52905.0,20
2023-02,2023,2,HR Services,Tampere,19586.0,18
2023-02,2023,2,HR Services,Turku,33598.0,15
2023-02,2023,2,HR Services,Oulu,45955.0,14
2023-02,2023,2,HR Services,Other,47965.0,18
2023-02,2023,2,Tax & Legal,Helsinki,106768.0,71
2023-02,2023,2,Tax & Legal,Espoo/Vantaa,96295.0,37
2023-02,2023,2,Tax & Legal,Tampere,35661.0,26
2023-02,2023,2,Tax & Legal,Turku,23729.0,20
2023-02,2023,2,Tax & Legal,Oulu,30946.0,19
2023-02,2023,2,Tax & Legal,Other,64719.0,24
2023-03,2023,3,Accounting,Helsinki,424086.0,150
2023-03,2023,3,Accounting,Espoo/Vantaa,227849.0,73
2023-03,2023,3,Accounting,Tampere,160197.0,58
2023-03,2023,3,Accounting,Turku,101026.0,39
2023-03,2023,3,Accounting,Oulu,131153.0,39
2023-03,2023,3,Accounting,Other,178716.0,50
2023-03,2023,3,Payroll,Helsinki,320942.0,132
2023-03,2023,3,Payroll,Espoo/Vantaa,167772.0,61
2023-03,2023,3,Payroll,Tampere,80623.0,45
2023-03,2023,3,Payroll,Turku,56934.0,32
2023-03,2023,3,Payroll,Oulu,88738.0,34
2023-03,2023,3,Payroll,Other,96520.0,42
2023-03,2023,3,HR Services,Helsinki,105869.0,48
2023-03,2023,3,HR Services,Espoo/Vantaa,53271.0,20
2023-03,2023,3,HR Services,Tampere,19881.0,18
2023-03,2023,3,HR Services,Turku,33299.0,15
2023-03,2023,3,HR Services,Oulu,46124.0,14
2023-03,2023,3,HR Services,Other,49579.0,18
2023-03,2023,3,Tax & Legal,Helsinki,107051.0,73
2023-03,2023,3,Tax & Legal,Espoo/Vantaa,89331.0,36
2023-03,2023,3,Tax & Legal,Tampere,36028.0,26
2023-03,2023,3,Tax & Legal,Turku,23326.0,20
2023-03,2023,3,Tax & Legal,Oulu,31001.0,19
2023-03,2023,3,Tax & Legal,Other,64996.0,24
2023-04,2023,4,Accounting,Helsinki,421529.0,153
2023-04,2023,4,Accounting,Espoo/Vantaa,219283.0,73
2023-04,2023,4,Accounting,Tampere,141817.0,58
2023-04,2023,4,Accounting,Turku,95371.0,39
2023-04,2023,4,Accounting,Oulu,125936.0,39
2023-04,2023,4,Accounting,Other,170994.0,51
2023-04,2023,4,Payroll,Helsinki,318655.0,134
2023-04,2023,4,Payroll,Espoo/Vantaa,165379.0,61
2023-04,2023,4,Payroll,Tampere,76800.0,45
2023-04,2023,4,Payroll,Turku,58618.0,32
2023-04,2023,4,Payroll,Oulu,92531.0,34
2023-04,2023,4,Payroll,Other,96896.0,43
2023-04,2023,4,HR Services,Helsinki,104871.0,49
2023-04,2023,4,HR Services,Espoo/Vantaa,60108.0,21
2023-04,2023,4,HR Services,Tampere,20421.0,18
2023-04,2023,4,HR Services,Turku,32763.0,15
2023-04,2023,4,HR Services,Oulu,45390.0,14
2023-04,2023,4,HR Services,Other,49103.0,19
2023-04,2023,4,Tax & Legal,Helsinki,103183.0,73
2023-04,2023,4,Tax & Legal,Espoo/Vantaa,90760.0,35
2023-04,2023,4,Tax & Legal,Tampere,35888.0,26
2023-04,2023,4,Tax & Legal,Turku,23905.0,20
2023-04,2023,4,Tax & Legal,Oulu,30626.0,19
2023-04,2023,4,Tax & Legal,Other,65607.0,25
2023-05,2023,5,Accounting,Helsinki,408312.0,155
2023-05,2023,5,Accounting,Espoo/Vantaa,217042.0,74
2023-05,2023,5,Accounting,Tampere,168208.0,61
2023-05,2023,5,Accounting,Turku,93668.0,39
2023-05,2023,5,Accounting,Oulu,124040.0,39
2023-05,2023,5,Accounting,Other,171538.0,51
2023-05,2023,5,Payroll,Helsinki,321225.0,136
2023-05,2023,5,Payroll,Espoo/Vantaa,168008.0,62
2023-05,2023,5,Payroll,Tampere,107261.0,49
2023-05,2023,5,Payroll,Turku,56807.0,32
2023-05,2023,5,Payroll,Oulu,91100.0,34
2023-05,2023,5,Payroll,Other,99969.0,43
2023-05,2023,5,HR Services,Helsinki,105489.0,49
2023-05,2023,5,HR Services,Espoo/Vantaa,57802.0,21
2023-05,2023,5,HR Services,Tampere,21520.0,19
2023-05,2023,5,HR Services,Turku,33236.0,15
2023-05,2023,5,HR Services,Oulu,45292.0,14
2023-05,2023,5,HR Services,Other,47621.0,19
2023-05,2023,5,Tax & Legal,Helsinki,86537.0,72
2023-05,2023,5,Tax & Legal,Espoo/Vantaa,72379.0,36
2023-05,2023,5,Tax & Legal,Tampere,44897.0,29
2023-05,2023,5,Tax & Legal,Turku,18823.0,20
2023-05,2023,5,Tax & Legal,Oulu,25584.0,19
2023-05,2023,5,Tax & Legal,Other,52527.0,25
2023-06,2023,6,Accounting,Helsinki,444419.0,153
2023-06,2023,6,Accounting,Espoo/Vantaa,230883.0,75
2023-06,2023,6,Accounting,Tampere,187096.0,62
2023-06,2023,6,Accounting,Turku,105887.0,40
2023-06,2023,6,Accounting,Oulu,131729.0,38
2023-06,2023,6,Accounting,Other,182482.0,53
2023-06,2023,6,Payroll,Helsinki,360299.0,134
2023-06,2023,6,Payroll,Espoo/Vantaa,189282.0,63
2023-06,2023,6,Payroll,Tampere,119970.0,50
2023-06,2023,6,Payroll,Turku,64945.0,33
2023-06,2023,6,Payroll,Oulu,98036.0,34
2023-06,2023,6,Payroll,Other,115246.0,45
2023-06,2023,6,HR Services,Helsinki,105989.0,49
2023-06,2023,6,HR Services,Espoo/Vantaa,57148.0,21
2023-06,2023,6,HR Services,Tampere,23626.0,20
2023-06,2023,6,HR Services,Turku,32396.0,15
2023-06,2023,6,HR Services,Oulu,45942.0,14
2023-06,2023,6,HR Services,Other,54063.0,21
2023-06,2023,6,Tax & Legal,Helsinki,85654.0,72
2023-06,2023,6,Tax & Legal,Espoo/Vantaa,74369.0,36
2023-06,2023,6,Tax & Legal,Tampere,45574.0,30
2023-06,2023,6,Tax & Legal,Turku,18664.0,20
2023-06,2023,6,Tax & Legal,Oulu,24678.0,18
2023-06,2023,6,Tax & Legal,Other,53334.0,26
2023-07,2023,7,Accounting,Helsinki,421330.0,157
2023-07,2023,7,Accounting,Espoo/Vantaa,221881.0,76
2023-07,2023,7,Accounting,Tampere,175574.0,62
2023-07,2023,7,Accounting,Turku,97631.0,40
2023-07,2023,7,Accounting,Oulu,114352.0,37
2023-07,2023,7,Accounting,Other,175426.0,55
2023-07,2023,7,Payroll,Helsinki,331449.0,138
2023-07,2023,7,Payroll,Espoo/Vantaa,167166.0,64
2023-07,2023,7,Payroll,Tampere,103419.0,50
2023-07,2023,7,Payroll,Turku,58129.0,33
2023-07,2023,7,Payroll,Oulu,91241.0,34
2023-07,2023,7,Payroll,Other,107696.0,47
2023-07,2023,7,HR Services,Helsinki,108170.0,50
2023-07,2023,7,HR Services,Espoo/Vantaa,58965.0,21
2023-07,2023,7,HR Services,Tampere,23374.0,20
2023-07,2023,7,HR Services,Turku,31989.0,15
2023-07,2023,7,HR Services,Oulu,44680.0,14
2023-07,2023,7,HR Services,Other,55451.0,22
2023-07,2023,7,Tax & Legal,Helsinki,85384.0,75
2023-07,2023,7,Tax & Legal,Espoo/Vantaa,73206.0,36
2023-07,2023,7,Tax & Legal,Tampere,44921.0,29
2023-07,2023,7,Tax & Legal,Turku,19436.0,20
2023-07,2023,7,Tax & Legal,Oulu,25295.0,18
2023-07,2023,7,Tax & Legal,Other,55519.0,27
2023-08,2023,8,Accounting,Helsinki,422976.0,156
2023-08,2023,8,Accounting,Espoo/Vantaa,219470.0,76
2023-08,2023,8,Accounting,Tampere,167940.0,61
2023-08,2023,8,Accounting,Turku,97520.0,40
2023-08,2023,8,Accounting,Oulu,113298.0,37
2023-08,2023,8,Accounting,Other,171140.0,55
2023-08,2023,8,Payroll,Helsinki,337831.0,137
2023-08,2023,8,Payroll,Espoo/Vantaa,170323.0,64
2023-08,2023,8,Payroll,Tampere,106691.0,50
2023-08,2023,8,Payroll,Turku,59023.0,33
2023-08,2023,8,Payroll,Oulu,88010.0,34
2023-08,2023,8,Payroll,Other,105492.0,47
2023-08,2023,8,HR Services,Helsinki,105273.0,50
2023-08,2023,8,HR Services,Espoo/Vantaa,57230.0,21
2023-08,2023,8,HR Services,Tampere,22788.0,20
2023-08,2023,8,HR Services,Turku,33330.0,15
2023-08,2023,8,HR Services,Oulu,44531.0,14
2023-08,2023,8,HR Services,Other,55732.0,22
2023-08,2023,8,Tax & Legal,Helsinki,86488.0,75
2023-08,2023,8,Tax & Legal,Espoo/Vantaa,76423.0,36
2023-08,2023,8,Tax & Legal,Tampere,39155.0,28
2023-08,2023,8,Tax & Legal,Turku,19084.0,20
2023-08,2023,8,Tax & Legal,Oulu,25109.0,18
2023-08,2023,8,Tax & Legal,Other,55223.0,27
2023-09,2023,9,Accounting,Helsinki,442534.0,155
2023-09,2023,9,Accounting,Espoo/Vantaa,242477.0,76
2023-09,2023,9,Accounting,Tampere,179454.0,61
2023-09,2023,9,Accounting,Turku,91948.0,39
2023-09,2023,9,Accounting,Oulu,121188.0,35
2023-09,2023,9,Accounting,Other,181159.0,55
2023-09,2023,9,Payroll,Helsinki,335608.0,137
2023-09,2023,9,Payroll,Espoo/Vantaa,171482.0,64
2023-09,2023,9,Payroll,Tampere,105831.0,50
2023-09,2023,9,Payroll,Turku,49528.0,32
2023-09,2023,9,Payroll,Oulu,89059.0,32
2023-09,2023,9,Payroll,Other,104194.0,47
2023-09,2023,9,HR Services,Helsinki,105463.0,49
2023-09,2023,9,HR Services,Espoo/Vantaa,57615.0,21
2023-09,2023,9,HR Services,Tampere,23812.0,20
2023-09,2023,9,HR Services,Turku,22427.0,14
2023-09,2023,9,HR Services,Oulu,46382.0,14
2023-09,2023,9,HR Services,Other,54231.0,22
2023-09,2023,9,Tax & Legal,Helsinki,83692.0,74
2023-09,2023,9,Tax & Legal,Espoo/Vantaa,73481.0,36
2023-09,2023,9,Tax & Legal,Tampere,39161.0,28
2023-09,2023,9,Tax & Legal,Turku,18874.0,20
2023-09,2023,9,Tax & Legal,Oulu,23867.0,17
2023-09,2023,9,Tax & Legal,Other,53300.0,27
2023-10,2023,10,Accounting,Helsinki,408716.0,151
2023-10,2023,10,Accounting,Espoo/Vantaa,223298.0,75
2023-10,2023,10,Accounting,Tampere,166077.0,61
2023-10,2023,10,Accounting,Turku,86639.0,39
2023-10,2023,10,Accounting,Oulu,111742.0,35
2023-10,2023,10,Accounting,Other,152844.0,54
2023-10,2023,10,Payroll,Helsinki,319322.0,133
2023-10,2023,10,Payroll,Espoo/Vantaa,167018.0,64
2023-10,2023,10,Payroll,Tampere,108824.0,50
2023-10,2023,10,Payroll,Turku,47798.0,32
2023-10,2023,10,Payroll,Oulu,87833.0,32
2023-10,2023,10,Payroll,Other,92550.0,46
2023-10,2023,10,HR Services,Helsinki,103811.0,49
2023-10,2023,10,HR Services,Espoo/Vantaa,60317.0,21
2023-10,2023,10,HR Services,Tampere,22785.0,20
2023-10,2023,10,HR Services,Turku,22436.0,14
2023-10,2023,10,HR Services,Oulu,46401.0,14
2023-10,2023,10,HR Services,Other,47479.0,21
2023-10,2023,10,Tax & Legal,Helsinki,88230.0,74
2023-10,2023,10,Tax & Legal,Espoo/Vantaa,72176.0,35
2023-10,2023,10,Tax & Legal,Tampere,39535.0,28
2023-10,2023,10,Tax & Legal,Turku,18889.0,20
2023-10,2023,10,Tax & Legal,Oulu,23621.0,17
2023-10,2023,10,Tax & Legal,Other,43472.0,26
2023-11,2023,11,Accounting,Helsinki,399903.0,148
2023-11,2023,11,Accounting,Espoo/Vantaa,221910.0,75
2023-11,2023,11,Accounting,Tampere,163562.0,61
2023-11,2023,11,Accounting,Turku,84930.0,38
2023-11,2023,11,Accounting,Oulu,114486.0,35
2023-11,2023,11,Accounting,Other,156701.0,53
2023-11,2023,11,Payroll,Helsinki,322397.0,130
2023-11,2023,11,Payroll,Espoo/Vantaa,169970.0,64
2023-11,2023,11,Payroll,Tampere,103773.0,50
2023-11,2023,11,Payroll,Turku,47605.0,31
2023-11,2023,11,Payroll,Oulu,86217.0,32
2023-11,2023,11,Payroll,Other,91479.0,45
2023-11,2023,11,HR Services,Helsinki,105990.0,48
2023-11,2023,11,HR Services,Espoo/Vantaa,59121.0,21
2023-11,2023,11,HR Services,Tampere,23491.0,20
2023-11,2023,11,HR Services,Turku,21280.0,13
2023-11,2023,11,HR Services,Oulu,46121.0,14
2023-11,2023,11,HR Services,Other,47940.0,21
2023-11,2023,11,Tax & Legal,Helsinki,83395.0,73
2023-11,2023,11,Tax & Legal,Espoo/Vantaa,75093.0,35
2023-11,2023,11,Tax & Legal,Tampere,39833.0,28
2023-11,2023,11,Tax & Legal,Turku,18436.0,19
2023-11,2023,11,Tax & Legal,Oulu,23241.0,17
2023-11,2023,11,Tax & Legal,Other,42213.0,26
2023-12,2023,12,Accounting,Helsinki,423529.0,146
2023-12,2023,12,Accounting,Espoo/Vantaa,242899.0,74
2023-12,2023,12,Accounting,Tampere,183683.0,61
2023-12,2023,12,Accounting,Turku,92293.0,38
2023-12,2023,12,Accounting,Oulu,123633.0,35
2023-12,2023,12,Accounting,Other,161735.0,51
2023-12,2023,12,Payroll,Helsinki,376607.0,128
2023-12,2023,12,Payroll,Espoo/Vantaa,201878.0,63
2023-12,2023,12,Payroll,Tampere,122063.0,50
2023-12,2023,12,Payroll,Turku,57417.0,31
2023-12,2023,12,Payroll,Oulu,105343.0,32
2023-12,2023,12,Payroll,Other,109315.0,45
2023-12,2023,12,HR Services,Helsinki,101015.0,48
2023-12,2023,12,HR Services,Espoo/Vantaa,59916.0,21
2023-12,2023,12,HR Services,Tampere,23037.0,20
2023-12,2023,12,HR Services,Turku,21468.0,13
2023-12,2023,12,HR Services,Oulu,44237.0,14
2023-12,2023,12,HR Services,Other,44864.0,19
2023-12,2023,12,Tax & Legal,Helsinki,81650.0,71
2023-12,2023,12,Tax & Legal,Espoo/Vantaa,73374.0,34
2023-12,2023,12,Tax & Legal,Tampere,39025.0,28
2023-12,2023,12,Tax & Legal,Turku,19339.0,19
2023-12,2023,12,Tax & Legal,Oulu,23829.0,17
2023-12,2023,12,Tax & Legal,Other,42855.0,25
2024-01,2024,1,Accounting,Helsinki,448563.0,144
2024-01,2024,1,Accounting,Espoo/Vantaa,248630.0,73
2024-01,2024,1,Accounting,Tampere,193691.0,60
2024-01,2024,1,Accounting,Turku,98114.0,38
2024-01,2024,1,Accounting,Oulu,127213.0,35
2024-01,2024,1,Accounting,Other,167318.0,51
2024-01,2024,1,Payroll,Helsinki,333183.0,127
2024-01,2024,1,Payroll,Espoo/Vantaa,184426.0,62
2024-01,2024,1,Payroll,Tampere,110823.0,49
2024-01,2024,1,Payroll,Turku,51368.0,31
2024-01,2024,1,Payroll,Oulu,90431.0,32
2024-01,2024,1,Payroll,Other,99046.0,45
2024-01,2024,1,HR Services,Helsinki,111333.0,47
2024-01,2024,1,HR Services,Espoo/Vantaa,61792.0,21
2024-01,2024,1,HR Services,Tampere,25195.0,20
2024-01,2024,1,HR Services,Turku,23657.0,13
2024-01,2024,1,HR Services,Oulu,46853.0,14
2024-01,2024,1,HR Services,Other,47958.0,19
2024-01,2024,1,Tax & Legal,Helsinki,101630.0,69
2024-01,2024,1,Tax & Legal,Espoo/Vantaa,95924.0,33
2024-01,2024,1,Tax & Legal,Tampere,51451.0,28
2024-01,2024,1,Tax & Legal,Turku,24573.0,19
2024-01,2024,1,Tax & Legal,Oulu,30570.0,17
2024-01,2024,1,Tax & Legal,Other,53704.0,25
2024-02,2024,2,Accounting,Helsinki,432458.0,144
2024-02,2024,2,Accounting,Espoo/Vantaa,231346.0,73
2024-02,2024,2,Accounting,Tampere,169818.0,59
2024-02,2024,2,Accounting,Turku,89939.0,37
2024-02,2024,2,Accounting,Oulu,120547.0,33
2024-02,2024,2,Accounting,Other,157325.0,51
2024-02,2024,2,Payroll,Helsinki,341061.0,127
2024-02,2024,2,Payroll,Espoo/Vantaa,184393.0,62
2024-02,2024,2,Payroll,Tampere,108070.0,47
2024-02,2024,2,Payroll,Turku,52427.0,30
2024-02,2024,2,Payroll,Oulu,89531.0,30
2024-02,2024,2,Payroll,Other,96369.0,45
2024-02,2024,2,HR Services,Helsinki,107153.0,47
2024-02,2024,2,HR Services,Espoo/Vantaa,63710.0,21
2024-02,2024,2,HR Services,Tampere,25015.0,20
2024-02,2024,2,HR Services,Turku,22536.0,13
2024-02,2024,2,HR Services,Oulu,47530.0,14
2024-02,2024,2,HR Services,Other,48223.0,19
2024-02,2024,2,Tax & Legal,Helsinki,100372.0,69
2024-02,2024,2,Tax & Legal,Espoo/Vantaa,96431.0,33
2024-02,2024,2,Tax & Legal,Tampere,50420.0,26
2024-02,2024,2,Tax & Legal,Turku,24042.0,18
2024-02,2024,2,Tax & Legal,Oulu,30103.0,16
2024-02,2024,2,Tax & Legal,Other,53774.0,25
2024-03,2024,3,Accounting,Helsinki,457901.0,141
2024-03,2024,3,Accounting,Espoo/Vantaa,251871.0,73
2024-03,2024,3,Accounting,Tampere,188759.0,59
2024-03,2024,3,Accounting,Turku,94082.0,37
2024-03,2024,3,Accounting,Oulu,130871.0,33
2024-03,2024,3,Accounting,Other,170763.0,50
2024-03,2024,3,Payroll,Helsinki,321279.0,124
2024-03,2024,3,Payroll,Espoo/Vantaa,174742.0,62
2024-03,2024,3,Payroll,Tampere,109929.0,47
2024-03,2024,3,Payroll,Turku,51033.0,30
2024-03,2024,3,Payroll,Oulu,92708.0,30
2024-03,2024,3,Payroll,Other,100077.0,44
2024-03,2024,3,HR Services,Helsinki,105396.0,46
2024-03,2024,3,HR Services,Espoo/Vantaa,60775.0,20
2024-03,2024,3,HR Services,Tampere,24321.0,20
2024-03,2024,3,HR Services,Turku,23511.0,13
2024-03,2024,3,HR Services,Oulu,48614.0,14
2024-03,2024,3,HR Services,Other,48008.0,19
2024-03,2024,3,Tax & Legal,Helsinki,99207.0,67
2024-03,2024,3,Tax & Legal,Espoo/Vantaa,93218.0,33
2024-03,2024,3,Tax & Legal,Tampere,49433.0,26
2024-03,2024,3,Tax & Legal,Turku,24499.0,18
2024-03,2024,3,Tax & Legal,Oulu,29210.0,16
2024-03,2024,3,Tax & Legal,Other,53580.0,25
2024-04,2024,4,Accounting,Helsinki,411871.0,141
2024-04,2024,4,Accounting,Espoo/Vantaa,235435.0,73
2024-04,2024,4,Accounting,Tampere,166594.0,58
2024-04,2024,4,Accounting,Turku,86605.0,36
2024-04,2024,4,Accounting,Oulu,119969.0,33
2024-04,2024,4,Accounting,Other,161911.0,50
2024-04,2024,4,Payroll,Helsinki,320067.0,124
2024-04,2024,4,Payroll,Espoo/Vantaa,177197.0,62
2024-04,2024,4,Payroll,Tampere,104355.0,46
2024-04,2024,4,Payroll,Turku,50084.0,29
2024-04,2024,4,Payroll,Oulu,91231.0,30
2024-04,2024,4,Payroll,Other,99247.0,44
2024-04,2024,4,HR Services,Helsinki,109105.0,46
2024-04,2024,4,HR Services,Espoo/Vantaa,60377.0,20
2024-04,2024,4,HR Services,Tampere,21791.0,19
2024-04,2024,4,HR Services,Turku,23488.0,13
2024-04,2024,4,HR Services,Oulu,47619.0,14
2024-04,2024,4,HR Services,Other,49268.0,19
2024-04,2024,4,Tax & Legal,Helsinki,98759.0,67
2024-04,2024,4,Tax & Legal,Espoo/Vantaa,92154.0,33
2024-04,2024,4,Tax & Legal,Tampere,50042.0,26
2024-04,2024,4,Tax & Legal,Turku,23458.0,17
2024-04,2024,4,Tax & Legal,Oulu,29609.0,16
2024-04,2024,4,Tax & Legal,Other,52646.0,25
2024-05,2024,5,Accounting,Helsinki,401451.0,140
2024-05,2024,5,Accounting,Espoo/Vantaa,235816.0,73
2024-05,2024,5,Accounting,Tampere,165503.0,58
2024-05,2024,5,Accounting,Turku,90121.0,36
2024-05,2024,5,Accounting,Oulu,107378.0,32
2024-05,2024,5,Accounting,Other,160166.0,50
2024-05,2024,5,Payroll,Helsinki,329785.0,123
2024-05,2024,5,Payroll,Espoo/Vantaa,180143.0,62
2024-05,2024,5,Payroll,Tampere,105401.0,46
2024-05,2024,5,Payroll,Turku,49674.0,29
2024-05,2024,5,Payroll,Oulu,88941.0,30
2024-05,2024,5,Payroll,Other,96637.0,44
2024-05,2024,5,HR Services,Helsinki,109118.0,46
2024-05,2024,5,HR Services,Espoo/Vantaa,61519.0,20
2024-05,2024,5,HR Services,Tampere,22475.0,19
2024-05,2024,5,HR Services,Turku,23383.0,13
2024-05,2024,5,HR Services,Oulu,48526.0,14
2024-05,2024,5,HR Services,Other,48365.0,19
2024-05,2024,5,Tax & Legal,Helsinki,79149.0,67
2024-05,2024,5,Tax & Legal,Espoo/Vantaa,79157.0,33
2024-05,2024,5,Tax & Legal,Tampere,41005.0,26
2024-05,2024,5,Tax & Legal,Turku,19502.0,17
2024-05,2024,5,Tax & Legal,Oulu,20936.0,15
2024-05,2024,5,Tax & Legal,Other,44155.0,25
2024-06,2024,6,Accounting,Helsinki,422872.0,138
2024-06,2024,6,Accounting,Espoo/Vantaa,252440.0,72
2024-06,2024,6,Accounting,Tampere,182227.0,58
2024-06,2024,6,Accounting,Turku,94717.0,36
2024-06,2024,6,Accounting,Oulu,120887.0,32
2024-06,2024,6,Accounting,Other,167503.0,50
2024-06,2024,6,Payroll,Helsinki,336379.0,121
2024-06,2024,6,Payroll,Espoo/Vantaa,191584.0,61
2024-06,2024,6,Payroll,Tampere,119000.0,46
2024-06,2024,6,Payroll,Turku,56995.0,29
2024-06,2024,6,Payroll,Oulu,99326.0,30
2024-06,2024,6,Payroll,Other,109879.0,44
2024-06,2024,6,HR Services,Helsinki,87698.0,45
2024-06,2024,6,HR Services,Espoo/Vantaa,61420.0,20
2024-06,2024,6,HR Services,Tampere,22321.0,19
2024-06,2024,6,HR Services,Turku,23437.0,13
2024-06,2024,6,HR Services,Oulu,46321.0,14
2024-06,2024,6,HR Services,Other,49221.0,19
2024-06,2024,6,Tax & Legal,Helsinki,81396.0,67
2024-06,2024,6,Tax & Legal,Espoo/Vantaa,74891.0,32
2024-06,2024,6,Tax & Legal,Tampere,41391.0,26
2024-06,2024,6,Tax & Legal,Turku,19177.0,17
2024-06,2024,6,Tax & Legal,Oulu,21916.0,15
2024-06,2024,6,Tax & Legal,Other,43266.0,25
2024-07,2024,7,Accounting,Helsinki,395566.0,137
2024-07,2024,7,Accounting,Espoo/Vantaa,229296.0,72
2024-07,2024,7,Accounting,Tampere,163212.0,57
2024-07,2024,7,Accounting,Turku,84982.0,35
2024-07,2024,7,Accounting,Oulu,100363.0,31
2024-07,2024,7,Accounting,Other,158507.0,50
2024-07,2024,7,Payroll,Helsinki,302479.0,119
2024-07,2024,7,Payroll,Espoo/Vantaa,180145.0,61
2024-07,2024,7,Payroll,Tampere,103933.0,45
2024-07,2024,7,Payroll,Turku,49009.0,28
2024-07,2024,7,Payroll,Oulu,89055.0,29
2024-07,2024,7,Payroll,Other,95136.0,44
2024-07,2024,7,HR Services,Helsinki,90952.0,45
2024-07,2024,7,HR Services,Espoo/Vantaa,61209.0,20
2024-07,2024,7,HR Services,Tampere,20668.0,18
2024-07,2024,7,HR Services,Turku,22570.0,12
2024-07,2024,7,HR Services,Oulu,48824.0,14
2024-07,2024,7,HR Services,Other,46987.0,19
2024-07,2024,7,Tax & Legal,Helsinki,76594.0,65
2024-07,2024,7,Tax & Legal,Espoo/Vantaa,74595.0,32
2024-07,2024,7,Tax & Legal,Tampere,41306.0,26
2024-07,2024,7,Tax & Legal,Turku,18018.0,16
2024-07,2024,7,Tax & Legal,Oulu,21543.0,15
2024-07,2024,7,Tax & Legal,Other,45613.0,25
2024-08,2024,8,Accounting,Helsinki,393159.0,135
2024-08,2024,8,Accounting,Espoo/Vantaa,229032.0,72
2024-08,2024,8,Accounting,Tampere,162882.0,57
2024-08,2024,8,Accounting,Turku,88035.0,35
2024-08,2024,8,Accounting,Oulu,104001.0,31
2024-08,2024,8,Accounting,Other,152586.0,49
2024-08,2024,8,Payroll,Helsinki,291119.0,117
2024-08,2024,8,Payroll,Espoo/Vantaa,183490.0,61
2024-08,2024,8,Payroll,Tampere,106281.0,45
2024-08,2024,8,Payroll,Turku,50585.0,28
2024-08,2024,8,Payroll,Oulu,89770.0,29
2024-08,2024,8,Payroll,Other,96814.0,43
2024-08,2024,8,HR Services,Helsinki,88898.0,45
2024-08,2024,8,HR Services,Espoo/Vantaa,59692.0,20
2024-08,2024,8,HR Services,Tampere,20238.0,18
2024-08,2024,8,HR Services,Turku,22357.0,12
2024-08,2024,8,HR Services,Oulu,48485.0,14
2024-08,2024,8,HR Services,Other,47249.0,18
2024-08,2024,8,Tax & Legal,Helsinki,75523.0,64
2024-08,2024,8,Tax & Legal,Espoo/Vantaa,75522.0,32
2024-08,2024,8,Tax & Legal,Tampere,40850.0,26
2024-08,2024,8,Tax & Legal,Turku,18682.0,16
2024-08,2024,8,Tax & Legal,Oulu,21555.0,15
2024-08,2024,8,Tax & Legal,Other,44835.0,25
2024-09,2024,9,Accounting,Helsinki,408559.0,134
2024-09,2024,9,Accounting,Espoo/Vantaa,247220.0,72
2024-09,2024,9,Accounting,Tampere,176352.0,57
2024-09,2024,9,Accounting,Turku,92578.0,35
2024-09,2024,9,Accounting,Oulu,111576.0,31
2024-09,2024,9,Accounting,Other,170232.0,49
2024-09,2024,9,Payroll,Helsinki,306203.0,116
2024-09,2024,9,Payroll,Espoo/Vantaa,180170.0,61
2024-09,2024,9,Payroll,Tampere,106751.0,45
2024-09,2024,9,Payroll,Turku,49623.0,28
2024-09,2024,9,Payroll,Oulu,88481.0,29
2024-09,2024,9,Payroll,Other,93917.0,43
2024-09,2024,9,HR Services,Helsinki,87496.0,45
2024-09,2024,9,HR Services,Espoo/Vantaa,59446.0,20
2024-09,2024,9,HR Services,Tampere,20429.0,18
2024-09,2024,9,HR Services,Turku,21833.0,12
2024-09,2024,9,HR Services,Oulu,46671.0,14
2024-09,2024,9,HR Services,Other,46333.0,18
2024-09,2024,9,Tax & Legal,Helsinki,75873.0,64
2024-09,2024,9,Tax & Legal,Espoo/Vantaa,75012.0,32
2024-09,2024,9,Tax & Legal,Tampere,40545.0,26
2024-09,2024,9,Tax & Legal,Turku,18198.0,16
2024-09,2024,9,Tax & Legal,Oulu,21579.0,15
2024-09,2024,9,Tax & Legal,Other,43713.0,25
2024-10,2024,10,Accounting,Helsinki,377054.0,133
2024-10,2024,10,Accounting,Espoo/Vantaa,228965.0,72
2024-10,2024,10,Accounting,Tampere,162298.0,57
2024-10,2024,10,Accounting,Turku,83769.0,35
2024-10,2024,10,Accounting,Oulu,101645.0,31
2024-10,2024,10,Accounting,Other,151853.0,49
2024-10,2024,10,Payroll,Helsinki,290902.0,115
2024-10,2024,10,Payroll,Espoo/Vantaa,177357.0,61
2024-10,2024,10,Payroll,Tampere,107123.0,45
2024-10,2024,10,Payroll,Turku,49819.0,28
2024-10,2024,10,Payroll,Oulu,87841.0,29
2024-10,2024,10,Payroll,Other,95204.0,43
2024-10,2024,10,HR Services,Helsinki,91105.0,45
2024-10,2024,10,HR Services,Espoo/Vantaa,59572.0,20
2024-10,2024,10,HR Services,Tampere,19955.0,18
2024-10,2024,10,HR Services,Turku,22602.0,12
2024-10,2024,10,HR Services,Oulu,46596.0,14
2024-10,2024,10,HR Services,Other,46525.0,18
2024-10,2024,10,Tax & Legal,Helsinki,73818.0,64
2024-10,2024,10,Tax & Legal,Espoo/Vantaa,77481.0,32
2024-10,2024,10,Tax & Legal,Tampere,40573.0,26
2024-10,2024,10,Tax & Legal,Turku,18761.0,16
2024-10,2024,10,Tax & Legal,Oulu,22071.0,15
2024-10,2024,10,Tax & Legal,Other,43317.0,25
2024-11,2024,11,Accounting,Helsinki,378614.0,133
2024-11,2024,11,Accounting,Espoo/Vantaa,227291.0,72
2024-11,2024,11,Accounting,Tampere,157692.0,55
2024-11,2024,11,Accounting,Turku,85858.0,35
2024-11,2024,11,Accounting,Oulu,105916.0,31
2024-11,2024,11,Accounting,Other,158201.0,49
2024-11,2024,11,Payroll,Helsinki,299838.0,115
2024-11,2024,11,Payroll,Espoo/Vantaa,177040.0,61
2024-11,2024,11,Payroll,Tampere,99116.0,43
2024-11,2024,11,Payroll,Turku,50959.0,28
2024-11,2024,11,Payroll,Oulu,89466.0,29
2024-11,2024,11,Payroll,Other,93516.0,43
2024-11,2024,11,HR Services,Helsinki,89532.0,45
2024-11,2024,11,HR Services,Espoo/Vantaa,58328.0,20
2024-11,2024,11,HR Services,Tampere,20165.0,18
2024-11,2024,11,HR Services,Turku,21852.0,12
2024-11,2024,11,HR Services,Oulu,47998.0,14
2024-11,2024,11,HR Services,Other,47487.0,18
2024-11,2024,11,Tax & Legal,Helsinki,72079.0,64
2024-11,2024,11,Tax & Legal,Espoo/Vantaa,75251.0,32
2024-11,2024,11,Tax & Legal,Tampere,38661.0,25
2024-11,2024,11,Tax & Legal,Turku,18390.0,16
2024-11,2024,11,Tax & Legal,Oulu,20949.0,15
2024-11,2024,11,Tax & Legal,Other,44081.0,25
2024-12,2024,12,Accounting,Helsinki,418051.0,131
2024-12,2024,12,Accounting,Espoo/Vantaa,240678.0,72
2024-12,2024,12,Accounting,Tampere,163994.0,54
2024-12,2024,12,Accounting,Turku,91848.0,34
2024-12,2024,12,Accounting,Oulu,114618.0,31
2024-12,2024,12,Accounting,Other,169786.0,48
2024-12,2024,12,Payroll,Helsinki,354900.0,114
2024-12,2024,12,Payroll,Espoo/Vantaa,209573.0,61
2024-12,2024,12,Payroll,Tampere,115373.0,43
2024-12,2024,12,Payroll,Turku,56493.0,27
2024-12,2024,12,Payroll,Oulu,104420.0,29
2024-12,2024,12,Payroll,Other,116571.0,43
2024-12,2024,12,HR Services,Helsinki,89405.0,45
2024-12,2024,12,HR Services,Espoo/Vantaa,61286.0,20
2024-12,2024,12,HR Services,Tampere,18694.0,17
2024-12,2024,12,HR Services,Turku,21463.0,11
2024-12,2024,12,HR Services,Oulu,48853.0,14
2024-12,2024,12,HR Services,Other,45249.0,17
2024-12,2024,12,Tax & Legal,Helsinki,72443.0,62
2024-12,2024,12,Tax & Legal,Espoo/Vantaa,74152.0,32
2024-12,2024,12,Tax & Legal,Tampere,37628.0,25
2024-12,2024,12,Tax & Legal,Turku,18449.0,16
2024-12,2024,12,Tax & Legal,Oulu,21173.0,15
2024-12,2024,12,Tax & Legal,Other,44259.0,25
